{
  "form_data_definition_version": "1",
  "form": {
    "default_bind_path": "/model/instance/Woman_TT_Followup_Form",
    "bind_type": "members",
    "fields": [
      {
        "name": "id",
        "shouldLoadValue": true
      },
      {
        "name": "existing_Is_Reg_Today",
        "bind": "/model/instance/Woman_TT_Followup_Form/existing_Is_Reg_Today"
      },
      {
        "name": "existing_location",
        "bind": "/model/instance/Woman_TT_Followup_Form/existing_location"
      },
      {
        "name": "Member_COUNTRY",
        "bind": "/model/instance/Woman_TT_Followup_Form/existing_Country",
        "shouldLoadValue": true
      },
      {
        "name": "Member_DIVISION",
        "bind": "/model/instance/Woman_TT_Followup_Form/existing_Division",
        "shouldLoadValue": true
      },
      {
        "name": "Member_DISTRICT",
        "bind": "/model/instance/Woman_TT_Followup_Form/existing_District",
        "shouldLoadValue": true
      },
      {
        "name": "Member_UPAZILLA",
        "bind": "/model/instance/Woman_TT_Followup_Form/existing_Upazilla",
        "shouldLoadValue": true
      },
      {
        "name": "Member_Paurasava",
        "bind": "/model/instance/Woman_TT_Followup_Form/existing_Paurasava",
        "shouldLoadValue": true
      },
      {
        "name": "Member_UNION",
        "bind": "/model/instance/Woman_TT_Followup_Form/existing_Union",
        "shouldLoadValue": true
      },
      {
        "name": "Member_WARD",
        "bind": "/model/instance/Woman_TT_Followup_Form/existing_Ward",
        "shouldLoadValue": true
      },
      {
        "name": "Member_BLOCK",
        "bind": "/model/instance/Woman_TT_Followup_Form/existing_Block",
        "shouldLoadValue": true
      },
      {
        "name": "Member_HIE_facilities",
        "bind": "/model/instance/Woman_TT_Followup_Form/existing_HIE_facilities",
        "shouldLoadValue": true
      },
      {
        "name": "Member_Address_line",
        "bind": "/model/instance/Woman_TT_Followup_Form/existing_Address_line",
        "shouldLoadValue": true
      },
      {
        "name": "Member_GPS",
        "bind": "/model/instance/Woman_TT_Followup_Form/existing_GPS",
        "shouldLoadValue": true
      },
      {
        "name": "Member_Fname",
        "bind": "/model/instance/Woman_TT_Followup_Form/existing_first_name",
        "shouldLoadValue": true
      },
      {
        "name": "Marital_Status",
        "bind": "/model/instance/Woman_TT_Followup_Form/existing_marital_status",
        "shouldLoadValue": true
      },
      {
        "name": "pregnant",
        "bind": "/model/instance/Woman_TT_Followup_Form/existing_pregnancy_status",
        "shouldLoadValue": true
      },
      {
        "name": "Father_name",
        "bind": "/model/instance/Woman_TT_Followup_Form/existing_father_name",
        "shouldLoadValue": true
      },
      {
        "name": "Husband_name",
        "bind": "/model/instance/Woman_TT_Followup_Form/existing_husband_name",
        "shouldLoadValue": true
      },
      {
        "name": "calc_dob_confirm",
        "bind": "/model/instance/Woman_TT_Followup_Form/existing_birth_date",
        "shouldLoadValue": true
      },
      {
        "name": "calc_age_confirm",
        "bind": "/model/instance/Woman_TT_Followup_Form/existing_age",
        "shouldLoadValue": true
      },
      {
        "name": "epi_card_number",
        "bind": "/model/instance/Woman_TT_Followup_Form/existing_epi_card_number",
        "shouldLoadValue": true
      },
      {
        "name": "existing_contact_phone_number",
        "bind": "/model/instance/Woman_TT_Followup_Form/existing_contact_phone_number"
      },
      {
        "name": "e_tt1",
        "bind": "/model/instance/Woman_TT_Followup_Form/e_tt1"
      },
      {
        "name": "e_tt2",
        "bind": "/model/instance/Woman_TT_Followup_Form/e_tt2"
      },
      {
        "name": "e_tt3",
        "bind": "/model/instance/Woman_TT_Followup_Form/e_tt3"
      },
      {
        "name": "e_tt4",
        "bind": "/model/instance/Woman_TT_Followup_Form/e_tt4"
      },
      {
        "name": "e_tt5",
        "bind": "/model/instance/Woman_TT_Followup_Form/e_tt5"
      },
      {
        "name": "provider_id",
        "bind": "/model/instance/Woman_TT_Followup_Form/provider_id",
        "shouldLoadValue": true
      },
      {
        "name": "provider_location_id",
        "bind": "/model/instance/Woman_TT_Followup_Form/provider_location_id",
        "shouldLoadValue": true
      },
      {
        "name": "provider_location_name",
        "bind": "/model/instance/Woman_TT_Followup_Form/provider_location_name",
        "shouldLoadValue": true
      },
      {
        "name": "provider_location_note",
        "bind": "/model/instance/Woman_TT_Followup_Form/provider_location_note",
        "shouldLoadValue": true
      },
      {
        "name": "start",
        "bind": "/model/instance/Woman_TT_Followup_Form/start"
      },
      {
        "name": "end",
        "bind": "/model/instance/Woman_TT_Followup_Form/end"
      },
      {
        "name": "today",
        "bind": "/model/instance/Woman_TT_Followup_Form/today"
      },
      {
        "name": "epi_card_number_note",
        "bind": "/model/instance/Woman_TT_Followup_Form/epi_card_number_note"
      },
      {
        "name": "first_name_note",
        "bind": "/model/instance/Woman_TT_Followup_Form/first_name_note"
      },
      {
        "name": "birth_date_note",
        "bind": "/model/instance/Woman_TT_Followup_Form/birth_date_note"
      },
      {
        "name": "father_name_note",
        "bind": "/model/instance/Woman_TT_Followup_Form/father_name_note"
      },
      {
        "name": "husband_name_note",
        "bind": "/model/instance/Woman_TT_Followup_Form/husband_name_note"
      },
      {
        "name": "address_note",
        "bind": "/model/instance/Woman_TT_Followup_Form/address_note"
      },
      {
        "name": "address_change",
        "bind": "/model/instance/Woman_TT_Followup_Form/address_change"
      },
      {
        "name": "address1",
        "bind": "/model/instance/Woman_TT_Followup_Form/address1"
      },
      {
        "name": "landmark",
        "bind": "/model/instance/Woman_TT_Followup_Form/landmark"
      },
      {
        "name": "center_gps",
        "bind": "/model/instance/Woman_TT_Followup_Form/center_gps"
      },
      {
        "name": "contact_phone_number",
        "bind": "/model/instance/Woman_TT_Followup_Form/contact_phone_number"
      },
      {
        "name": "marriage",
        "bind": "/model/instance/Woman_TT_Followup_Form/marriage"
      },
      {
        "name": "husband_name",
        "bind": "/model/instance/Woman_TT_Followup_Form/husband_name"
      },
      {
        "name": "pregnant",
        "bind": "/model/instance/Woman_TT_Followup_Form/pregnant",
        "shouldLoadValue": true
      },
      {
        "name": "edd_lmp",
        "bind": "/model/instance/Woman_TT_Followup_Form/edd_lmp"
      },
      {
        "name": "edd",
        "bind": "/model/instance/Woman_TT_Followup_Form/edd"
      },
      {
        "name": "lmp",
        "bind": "/model/instance/Woman_TT_Followup_Form/lmp"
      },
      {
        "name": "ultrasound_date",
        "bind": "/model/instance/Woman_TT_Followup_Form/ultrasound_date"
      },
      {
        "name": "ultrasound_weeks",
        "bind": "/model/instance/Woman_TT_Followup_Form/ultrasound_weeks"
      },
      {
        "name": "edd_calc_lmp",
        "bind": "/model/instance/Woman_TT_Followup_Form/edd_calc_lmp"
      },
      {
        "name": "edd_calc_ultrasound",
        "bind": "/model/instance/Woman_TT_Followup_Form/edd_calc_ultrasound"
      },
      {
        "name": "edd_calc_lmp_formatted",
        "bind": "/model/instance/Woman_TT_Followup_Form/edd_calc_lmp_formatted"
      },
      {
        "name": "edd_calc_ultrasound_formatted",
        "bind": "/model/instance/Woman_TT_Followup_Form/edd_calc_ultrasound_formatted"
      },
      {
        "name": "lmp_calc_edd",
        "bind": "/model/instance/Woman_TT_Followup_Form/lmp_calc_edd"
      },
      {
        "name": "lmp_calc_ultrasound",
        "bind": "/model/instance/Woman_TT_Followup_Form/lmp_calc_ultrasound"
      },
      {
        "name": "lmp_calc_edd_formatted",
        "bind": "/model/instance/Woman_TT_Followup_Form/lmp_calc_edd_formatted"
      },
      {
        "name": "lmp_calc_ultrasound_formatted",
        "bind": "/model/instance/Woman_TT_Followup_Form/lmp_calc_ultrasound_formatted"
      },
      {
        "name": "final_edd",
        "bind": "/model/instance/Woman_TT_Followup_Form/final_edd"
      },
      {
        "name": "final_lmp",
        "bind": "/model/instance/Woman_TT_Followup_Form/final_lmp"
      },
      {
        "name": "ga_edd",
        "bind": "/model/instance/Woman_TT_Followup_Form/ga_edd"
      },
      {
        "name": "ga_lmp",
        "bind": "/model/instance/Woman_TT_Followup_Form/ga_lmp"
      },
      {
        "name": "ga_ult",
        "bind": "/model/instance/Woman_TT_Followup_Form/ga_ult"
      },
      {
        "name": "final_edd_note",
        "bind": "/model/instance/Woman_TT_Followup_Form/final_edd_note"
      },
      {
        "name": "final_lmp_note",
        "bind": "/model/instance/Woman_TT_Followup_Form/final_lmp_note"
      },
      {
        "name": "final_ga",
        "bind": "/model/instance/Woman_TT_Followup_Form/final_ga"
      },
      {
        "name": "final_ga_note",
        "bind": "/model/instance/Woman_TT_Followup_Form/final_ga_note"
      },
      {
        "name": "tt1_note",
        "bind": "/model/instance/Woman_TT_Followup_Form/tt1_note"
      },
      {
        "name": "tt2_note",
        "bind": "/model/instance/Woman_TT_Followup_Form/tt2_note"
      },
      {
        "name": "tt3_note",
        "bind": "/model/instance/Woman_TT_Followup_Form/tt3_note"
      },
      {
        "name": "tt4_note",
        "bind": "/model/instance/Woman_TT_Followup_Form/tt4_note"
      },
      {
        "name": "vaccines",
        "bind": "/model/instance/Woman_TT_Followup_Form/vaccines"
      },
      {
        "name": "vaccines1",
        "bind": "/model/instance/Woman_TT_Followup_Form/vaccines1"
      },
      {
        "name": "vaccines1_2",
        "bind": "/model/instance/Woman_TT_Followup_Form/vaccines1_2"
      },
      {
        "name": "tt1_retro",
        "bind": "/model/instance/Woman_TT_Followup_Form/tt1_retro"
      },
      {
        "name": "tt_1_dose",
        "bind": "/model/instance/Woman_TT_Followup_Form/tt_1_dose"
      },
      {
        "name": "tt2_retro",
        "bind": "/model/instance/Woman_TT_Followup_Form/tt2_retro"
      },
      {
        "name": "tt_2_dose",
        "bind": "/model/instance/Woman_TT_Followup_Form/tt_2_dose"
      },
      {
        "name": "tt3_retro",
        "bind": "/model/instance/Woman_TT_Followup_Form/tt3_retro"
      },
      {
        "name": "tt_3_dose",
        "bind": "/model/instance/Woman_TT_Followup_Form/tt_3_dose"
      },
      {
        "name": "tt4_retro",
        "bind": "/model/instance/Woman_TT_Followup_Form/tt4_retro"
      },
      {
        "name": "tt_4_dose",
        "bind": "/model/instance/Woman_TT_Followup_Form/tt_4_dose"
      },
      {
        "name": "vaccines_2",
        "bind": "/model/instance/Woman_TT_Followup_Form/vaccines_2"
      },
      {
        "name": "tt1",
        "bind": "/model/instance/Woman_TT_Followup_Form/tt1"
      },
      {
        "name": "tt_1_dose_today",
        "bind": "/model/instance/Woman_TT_Followup_Form/tt_1_dose_today"
      },
      {
        "name": "tt2",
        "bind": "/model/instance/Woman_TT_Followup_Form/tt2"
      },
      {
        "name": "tt_2_dose_today",
        "bind": "/model/instance/Woman_TT_Followup_Form/tt_2_dose_today"
      },
      {
        "name": "tt3",
        "bind": "/model/instance/Woman_TT_Followup_Form/tt3"
      },
      {
        "name": "tt_3_dose_today",
        "bind": "/model/instance/Woman_TT_Followup_Form/tt_3_dose_today"
      },
      {
        "name": "tt4",
        "bind": "/model/instance/Woman_TT_Followup_Form/tt4"
      },
      {
        "name": "tt_4_dose_today",
        "bind": "/model/instance/Woman_TT_Followup_Form/tt_4_dose_today"
      },
      {
        "name": "tt5",
        "bind": "/model/instance/Woman_TT_Followup_Form/tt5"
      },
      {
        "name": "tt_5_dose_today",
        "bind": "/model/instance/Woman_TT_Followup_Form/tt_5_dose_today"
      },
      {
        "name": "tt1_final",
        "bind": "/model/instance/Woman_TT_Followup_Form/tt1_final"
      },
      {
        "name": "tt2_final",
        "bind": "/model/instance/Woman_TT_Followup_Form/tt2_final"
      },
      {
        "name": "tt3_final",
        "bind": "/model/instance/Woman_TT_Followup_Form/tt3_final"
      },
      {
        "name": "tt4_final",
        "bind": "/model/instance/Woman_TT_Followup_Form/tt4_final"
      },
      {
        "name": "tt5_final",
        "bind": "/model/instance/Woman_TT_Followup_Form/tt5_final"
      },
      {
        "name": "Is_Reg_Today",
        "bind": "/model/instance/Woman_TT_Followup_Form/Is_Reg_Today"
      }
    ]
  }
}