<model>
  <instance>
    <Woman_TT_Followup_Form encounter_type="Woman TT Follow Up" id="woman_tt_followup_form" version="201612200838">
      <formhub>
        <uuid/>
      </formhub>
      <existing_location openmrs_entity="encounter" openmrs_entity_id="location_id"/>
      <existing_Is_Reg_Today/>
      <existing_Country openmrs_entity="person_address" openmrs_entity_id="country"/>
      <existing_Division openmrs_entity="person_address" openmrs_entity_id="stateProvince"/>
      <existing_District openmrs_entity="person_address" openmrs_entity_id="countyDistrict"/>
      <existing_Upazilla openmrs_entity="person_address" openmrs_entity_id="address5"/>
      <existing_Paurasava openmrs_entity="person_address" openmrs_entity_id="address4"/>
      <existing_Union openmrs_entity="person_address" openmrs_entity_id="address3"/>
      <existing_Ward openmrs_entity="person_address" openmrs_entity_id="address2"/>
      <existing_Block/>
      <existing_HIE_facilities openmrs_entity="person_address" openmrs_entity_id="address6"/>
      <existing_Address_line openmrs_entity="person_address" openmrs_entity_id="address1"/>
      <existing_GPS/>
      <existing_first_name openmrs_entity="person" openmrs_entity_id="first_name"/>
      <existing_marital_status/>
      <existing_pregnancy_status/>
      <existing_father_name openmrs_entity="person_attribute" openmrs_entity_id="fatherName"/>
      <existing_husband_name openmrs_entity="person_attribute" openmrs_entity_id="spouseName"/>
      <existing_birth_date openmrs_entity="person" openmrs_entity_id="birthdate"/>
      <existing_age/>
      <existing_epi_card_number/>
      <existing_contact_phone_number openmrs_entity="person_attribute" openmrs_entity_id="phoneNumber"/>
      <e_tt1/>
      <e_tt2/>
      <e_tt3/>
      <e_tt4/>
      <e_tt5/>
      <provider_id/>
      <provider_location_id/>
      <provider_location_name/>
      <provider_location_note/>
      <start/>
      <end/>
      <today/>
      <epi_card_number_note/>
      <first_name_note/>
      <birth_date_note/>
      <father_name_note/>
      <husband_name_note/>
      <address_note/>
      <address_change/>
      <address1/>
      <landmark/>
      <center_gps openmrs_entity="person_address" openmrs_entity_id="geopoint"/>
      <contact_phone_number/>
      <marriage/>
      <pregnant/>
      <edd_lmp/>
      <edd/>
      <lmp/>
      <ultrasound_date/>
      <ultrasound_weeks/>
      <edd_calc_lmp/>
      <edd_calc_ultrasound/>
      <edd_calc_lmp_formatted/>
      <edd_calc_ultrasound_formatted/>
      <lmp_calc_edd/>
      <lmp_calc_ultrasound/>
      <lmp_calc_edd_formatted/>
      <lmp_calc_ultrasound_formatted/>
      <final_edd openmrs_entity="concept" openmrs_entity_id="8f983cb3-8223-45e3-bbe7-235df21b754d"/>
      <final_lmp openmrs_entity="concept" openmrs_entity_id="a9557042-5d04-493f-aba0-c03b63a02243"/>
      <ga_edd/>
      <ga_lmp/>
      <ga_ult/>
      <final_edd_note/>
      <final_lmp_note/>
      <final_ga/>
      <final_ga_note/>
      <tt1_note/>
      <tt2_note/>
      <tt3_note/>
      <tt4_note/>
      <tt5_note/>
      <vaccines1 openmrs_entity="concept" openmrs_entity_id="021e0705-953d-11e6-90c1-005056b01095"/>
      <vaccines openmrs_entity="concept" openmrs_entity_id="021e0705-953d-11e6-90c1-005056b01095"/>
      <tt1_retro openmrs_entity="concept" openmrs_entity_id="021e8246-953d-11e6-90c1-005056b01095" openmrs_entity_parent="be200e2b-0469-4cb3-b3c3-eeda1c51b336"/>
      <tt_1_dose openmrs_entity="concept" openmrs_entity_id="021efde7-953d-11e6-90c1-005056b01095" openmrs_entity_parent="be200e2b-0469-4cb3-b3c3-eeda1c51b336"/>
      <tt2_retro openmrs_entity="concept" openmrs_entity_id="021e8246-953d-11e6-90c1-005056b01095" openmrs_entity_parent="be200e2b-0469-4cb3-b3c3-eeda1c51b336"/>
      <tt_2_dose openmrs_entity="concept" openmrs_entity_id="021efde7-953d-11e6-90c1-005056b01095" openmrs_entity_parent="be200e2b-0469-4cb3-b3c3-eeda1c51b336"/>
      <tt3_retro openmrs_entity="concept" openmrs_entity_id="021e8246-953d-11e6-90c1-005056b01095" openmrs_entity_parent="be200e2b-0469-4cb3-b3c3-eeda1c51b336"/>
      <tt_3_dose openmrs_entity="concept" openmrs_entity_id="021efde7-953d-11e6-90c1-005056b01095" openmrs_entity_parent="be200e2b-0469-4cb3-b3c3-eeda1c51b336"/>
      <tt4_retro openmrs_entity="concept" openmrs_entity_id="021e8246-953d-11e6-90c1-005056b01095" openmrs_entity_parent="be200e2b-0469-4cb3-b3c3-eeda1c51b336"/>
      <tt_4_dose openmrs_entity="concept" openmrs_entity_id="021efde7-953d-11e6-90c1-005056b01095" openmrs_entity_parent="be200e2b-0469-4cb3-b3c3-eeda1c51b336"/>
      <tt5_retro openmrs_entity="concept" openmrs_entity_id="021e8246-953d-11e6-90c1-005056b01095" openmrs_entity_parent="be200e2b-0469-4cb3-b3c3-eeda1c51b336"/>
      <tt_5_dose openmrs_entity="concept" openmrs_entity_id="021efde7-953d-11e6-90c1-005056b01095" openmrs_entity_parent="be200e2b-0469-4cb3-b3c3-eeda1c51b336"/>
      <vaccines1_2 openmrs_entity="concept" openmrs_entity_id="021e0705-953d-11e6-90c1-005056b01095"/>
      <vaccines_2 openmrs_entity="concept" openmrs_entity_id="021e0705-953d-11e6-90c1-005056b01095"/>
      <tt1 openmrs_entity="concept" openmrs_entity_id="021e8246-953d-11e6-90c1-005056b01095" openmrs_entity_parent="be200e2b-0469-4cb3-b3c3-eeda1c51b336"/>
      <tt_1_dose_today openmrs_entity="concept" openmrs_entity_id="021efde7-953d-11e6-90c1-005056b01095" openmrs_entity_parent="be200e2b-0469-4cb3-b3c3-eeda1c51b336"/>
      <tt2 openmrs_entity="concept" openmrs_entity_id="021e8246-953d-11e6-90c1-005056b01095" openmrs_entity_parent="be200e2b-0469-4cb3-b3c3-eeda1c51b336"/>
      <tt_2_dose_today openmrs_entity="concept" openmrs_entity_id="021efde7-953d-11e6-90c1-005056b01095" openmrs_entity_parent="be200e2b-0469-4cb3-b3c3-eeda1c51b336"/>
      <tt3 openmrs_entity="concept" openmrs_entity_id="021e8246-953d-11e6-90c1-005056b01095" openmrs_entity_parent="be200e2b-0469-4cb3-b3c3-eeda1c51b336"/>
      <tt_3_dose_today openmrs_entity="concept" openmrs_entity_id="021efde7-953d-11e6-90c1-005056b01095" openmrs_entity_parent="be200e2b-0469-4cb3-b3c3-eeda1c51b336"/>
      <tt4 openmrs_entity="concept" openmrs_entity_id="021e8246-953d-11e6-90c1-005056b01095" openmrs_entity_parent="be200e2b-0469-4cb3-b3c3-eeda1c51b336"/>
      <tt_4_dose_today openmrs_entity="concept" openmrs_entity_id="021efde7-953d-11e6-90c1-005056b01095" openmrs_entity_parent="be200e2b-0469-4cb3-b3c3-eeda1c51b336"/>
      <tt5 openmrs_entity="concept" openmrs_entity_id="021e8246-953d-11e6-90c1-005056b01095" openmrs_entity_parent="be200e2b-0469-4cb3-b3c3-eeda1c51b336"/>
      <tt_5_dose_today openmrs_entity="concept" openmrs_entity_id="021efde7-953d-11e6-90c1-005056b01095" openmrs_entity_parent="be200e2b-0469-4cb3-b3c3-eeda1c51b336"/>
      <tt1_final/>
      <tt2_final/>
      <tt3_final/>
      <tt4_final/>
      <tt5_final/>
      <Is_Reg_Today/>
      <meta>
        <instanceID/>
      </meta>
    </Woman_TT_Followup_Form>
  </instance>
  <instance id="vaccines">
    <root>
      <item>
        <itextId>static_instance-vaccines-0</itextId>
        <name>TT1</name>
      </item>
      <item>
        <itextId>static_instance-vaccines-1</itextId>
        <name>TT2</name>
      </item>
      <item>
        <itextId>static_instance-vaccines-2</itextId>
        <name>TT3</name>
      </item>
      <item>
        <itextId>static_instance-vaccines-3</itextId>
        <name>TT4</name>
      </item>
      <item>
        <itextId>static_instance-vaccines-4</itextId>
        <name>TT5</name>
      </item>
    </root>
  </instance>
  <instance id="gender">
    <root>
      <item>
        <itextId>static_instance-gender-0</itextId>
        <name>1</name>
      </item>
      <item>
        <itextId>static_instance-gender-1</itextId>
        <name>2</name>
      </item>
    </root>
  </instance>
  <instance id="edd_lmp">
    <root>
      <item>
        <itextId>static_instance-edd_lmp-0</itextId>
        <name>edd</name>
      </item>
      <item>
        <itextId>static_instance-edd_lmp-1</itextId>
        <name>lmp</name>
      </item>
      <item>
        <itextId>static_instance-edd_lmp-2</itextId>
        <name>ultrasound</name>
      </item>
      <item>
        <itextId>static_instance-edd_lmp-3</itextId>
        <name>none</name>
      </item>
    </root>
  </instance>
  <instance id="yes_no">
    <root>
      <item>
        <itextId>static_instance-yes_no-0</itextId>
        <name>yes</name>
      </item>
      <item>
        <itextId>static_instance-yes_no-1</itextId>
        <name>no</name>
      </item>
    </root>
  </instance>
</model>