<?xml version="1.0"?>
<root><form autocomplete="off" novalidate="novalidate" class="or clearfix" dir="ltr" id="ChildRegistration">
    <!--This form was created by transforming a OpenRosa-flavored (X)Form using an XSLT sheet created by Enketo LLC.--><section class="form-logo"> </section><h3 id="form-title">&#x99C;&#x9A8;&#x9CD;&#x9AE; &#x9A8;&#x9BF;&#x9AC;&#x9A8;&#x9CD;&#x9A7;&#x9A8; &#x9AB;&#x9B0;&#x9CD;&#x9AE;</h3><select id="form-languages" data-default-lang="en"><option value="bn">Bengali</option> <option value="en">English</option> </select>


    <fieldset class="question simple-select "><fieldset><legend><span lang="bn" class="question-label " data-itext-id="/ChildRegistration.xls/WARD:label">&#x993;&#x9DF;&#x9BE;&#x9B0;&#x9CD;&#x9A1; &#x9A8;&#x982;-</span><span lang="en" class="question-label active" data-itext-id="/ChildRegistration.xls/WARD:label">Ward No-</span>
    </legend><div class="option-wrapper"><label class=""><input type="radio" name="/ChildRegistration.xls/WARD" data-name="/ChildRegistration.xls/WARD" value="Ward-1" data-type-xml="select1"/><span lang="bn" class="option-label " data-itext-id="/ChildRegistration.xls/WARD/Ward-1:label">Ward-1</span><span lang="en" class="option-label active" data-itext-id="/ChildRegistration.xls/WARD/Ward-1:label">Ward-1</span></label><label class=""><input type="radio" name="/ChildRegistration.xls/WARD" data-name="/ChildRegistration.xls/WARD" value="Ward-2" data-type-xml="select1"/><span lang="bn" class="option-label " data-itext-id="/ChildRegistration.xls/WARD/Ward-2:label">Ward-2</span><span lang="en" class="option-label active" data-itext-id="/ChildRegistration.xls/WARD/Ward-2:label">Ward-2</span></label><label class=""><input type="radio" name="/ChildRegistration.xls/WARD" data-name="/ChildRegistration.xls/WARD" value="Ward-3" data-type-xml="select1"/><span lang="bn" class="option-label " data-itext-id="/ChildRegistration.xls/WARD/Ward-3:label">Ward-3</span><span lang="en" class="option-label active" data-itext-id="/ChildRegistration.xls/WARD/Ward-3:label">Ward-3</span></label></div></fieldset><span class="or-constraint-msg active" lang="" data-i18n="constraint.invalid">Value not allowed</span></fieldset>
    <label class="question non-select "><span lang="bn" class="question-label " data-itext-id="/ChildRegistration.xls/ADDRESS_LINE:label">&#x9AC;&#x9BE;&#x9DC;&#x9C0;&#x9B0; &#x9A0;&#x9BF;&#x995;&#x9BE;&#x9A8;&#x9BE;-</span><span lang="en" class="question-label active" data-itext-id="/ChildRegistration.xls/ADDRESS_LINE:label">Home Address</span><input type="text" name="/ChildRegistration.xls/ADDRESS_LINE" data-type-xml="string"/><span class="or-constraint-msg active" lang="" data-i18n="constraint.invalid">Value not allowed</span></label>
    <label class="question non-select "><span lang="bn" class="question-label " data-itext-id="/ChildRegistration.xls/GPS:label">&#x99C;&#x9BF; &#x9AA;&#x9BF; &#x98F;&#x9B8;</span><span lang="en" class="question-label active" data-itext-id="/ChildRegistration.xls/GPS:label">Collect GPS Location of HH</span><span lang="" class="or-hint active">GPS coordinates can only be collected when outside.</span><input type="text" name="/ChildRegistration.xls/GPS" data-type-xml="geopoint"/><span class="or-constraint-msg active" lang="" data-i18n="constraint.invalid">Value not allowed</span></label>
    <label class="question non-select "><span lang="bn" class="question-label " data-itext-id="/ChildRegistration.xls/Date_Of_Reg:label">&#x9B0;&#x9C7;&#x99C;&#x9BF;&#x9B8;&#x9CD;&#x99F;&#x9CD;&#x9B0;&#x9C7;&#x9B6;&#x9A8; &#x9A4;&#x9BE;&#x9B0;&#x9BF;&#x996;</span><span lang="en" class="question-label active" data-itext-id="/ChildRegistration.xls/Date_Of_Reg:label">Registration Date</span><input type="date" name="/ChildRegistration.xls/Date_Of_Reg" data-type-xml="date"/><span class="or-constraint-msg active" lang="" data-i18n="constraint.invalid">Value not allowed</span></label>
    <label class="question non-select "><span lang="bn" class="question-label " data-itext-id="/ChildRegistration.xls/child_nid:label">-</span><span lang="en" class="question-label active" data-itext-id="/ChildRegistration.xls/child_nid:label">Child NID</span><span class="required">*</span><input type="text" name="/ChildRegistration.xls/child_nid" required="required" data-constraint="regex(., '^(?!0{13})[0-9]{13}$') or regex(., '^(?!0{17})[0-9]{17}$')" data-type-xml="string"/><span lang="bn" class="or-constraint-msg " data-itext-id="/ChildRegistration.xls/child_nid:jr:constraintMsg">&#x99C;&#x9BE;&#x9A4;&#x9C0;&#x9DF; &#x9AA;&#x9B0;&#x9BF;&#x99A;&#x9DF;&#x9AA;&#x9A4;&#x9CD;&#x9B0; &#x9A8;&#x982; 13 &#x985;&#x9A5;&#x9AC;&#x9BE; 17 &#x9A1;&#x9BF;&#x99C;&#x9BF;&#x99F;&#x9C7;&#x9B0; &#x9B9;&#x9AC;&#x9C7;</span><span lang="en" class="or-constraint-msg active" data-itext-id="/ChildRegistration.xls/child_nid:jr:constraintMsg">Please enter 13 or 17 digits NID</span><span class="or-required-msg active" lang="" data-i18n="constraint.required">This field is required</span></label>
    <label class="question non-select "><span lang="bn" class="question-label " data-itext-id="/ChildRegistration.xls/name_Fname:label">-</span><span lang="en" class="question-label active" data-itext-id="/ChildRegistration.xls/name_Fname:label">Full Name (in English)</span><span class="required">*</span><input type="text" name="/ChildRegistration.xls/name_Fname" required="required" data-constraint="regex(., '^[a-zA-Z\s\.\-]{3,25}$')" data-type-xml="string"/><span lang="bn" class="or-constraint-msg " data-itext-id="/ChildRegistration.xls/name_Fname:jr:constraintMsg">-</span><span lang="en" class="or-constraint-msg active" data-itext-id="/ChildRegistration.xls/name_Fname:jr:constraintMsg">Name must have atleast 3 lettes</span><span class="or-required-msg active" lang="" data-i18n="constraint.required">This field is required</span></label>
    <label class="question non-select "><span lang="bn" class="question-label " data-itext-id="/ChildRegistration.xls/name_bengali:label">-</span><span lang="en" class="question-label active" data-itext-id="/ChildRegistration.xls/name_bengali:label">Full Name (in Bengali)</span><span class="required">*</span><input type="text" name="/ChildRegistration.xls/name_bengali" required="required" data-type-xml="string"/><span class="or-constraint-msg active" lang="" data-i18n="constraint.invalid">Value not allowed</span><span class="or-required-msg active" lang="" data-i18n="constraint.required">This field is required</span></label>
    <section class="or-group " name="/ChildRegistration.xls/Father_Information"><h4><span lang="bn" class="question-label " data-itext-id="/ChildRegistration.xls/Father_Information:label">-</span><span lang="en" class="question-label active" data-itext-id="/ChildRegistration.xls/Father_Information:label">Father's Information</span></h4><label class="question non-select "><span lang="bn" class="question-label " data-itext-id="/ChildRegistration.xls/Father_Information/father_nid:label">-</span><span lang="en" class="question-label active" data-itext-id="/ChildRegistration.xls/Father_Information/father_nid:label">Father's NID</span><span class="required">*</span><input type="text" name="/ChildRegistration.xls/Father_Information/father_nid" required="required" data-constraint="regex(., '^(?!0{13})[0-9]{13}$') or regex(., '^(?!0{17})[0-9]{17}$')" data-type-xml="string"/><span lang="bn" class="or-constraint-msg " data-itext-id="/ChildRegistration.xls/Father_Information/father_nid:jr:constraintMsg">&#x99C;&#x9BE;&#x9A4;&#x9C0;&#x9DF; &#x9AA;&#x9B0;&#x9BF;&#x99A;&#x9DF;&#x9AA;&#x9A4;&#x9CD;&#x9B0; &#x9A8;&#x982; 13 &#x985;&#x9A5;&#x9AC;&#x9BE; 17 &#x9A1;&#x9BF;&#x99C;&#x9BF;&#x99F;&#x9C7;&#x9B0; &#x9B9;&#x9AC;&#x9C7;</span><span lang="en" class="or-constraint-msg active" data-itext-id="/ChildRegistration.xls/Father_Information/father_nid:jr:constraintMsg">Please enter 13 or 17 digits NID</span><span class="or-required-msg active" lang="" data-i18n="constraint.required">This field is required</span></label><label class="question non-select "><span lang="bn" class="question-label " data-itext-id="/ChildRegistration.xls/Father_Information/father_name_english:label">-</span><span lang="en" class="question-label active" data-itext-id="/ChildRegistration.xls/Father_Information/father_name_english:label">Father's Name (in English)</span><span class="required">*</span><input type="text" name="/ChildRegistration.xls/Father_Information/father_name_english" required="required" data-constraint="regex(., '^[a-zA-Z\s\.\-]{3,25}$')" data-type-xml="string"/><span lang="bn" class="or-constraint-msg " data-itext-id="/ChildRegistration.xls/Father_Information/father_name_english:jr:constraintMsg">-</span><span lang="en" class="or-constraint-msg active" data-itext-id="/ChildRegistration.xls/Father_Information/father_name_english:jr:constraintMsg">Name must have atleast 3 lettes</span><span class="or-required-msg active" lang="" data-i18n="constraint.required">This field is required</span></label><label class="question non-select "><span lang="bn" class="question-label " data-itext-id="/ChildRegistration.xls/Father_Information/father_name_bengali:label">-</span><span lang="en" class="question-label active" data-itext-id="/ChildRegistration.xls/Father_Information/father_name_bengali:label">Father's Name (in Bengali)</span><span class="required">*</span><input type="text" name="/ChildRegistration.xls/Father_Information/father_name_bengali" required="required" data-type-xml="string"/><span class="or-constraint-msg active" lang="" data-i18n="constraint.invalid">Value not allowed</span><span class="or-required-msg active" lang="" data-i18n="constraint.required">This field is required</span></label><label class="question non-select "><span lang="bn" class="question-label " data-itext-id="/ChildRegistration.xls/Father_Information/father_dob:label">-</span><span lang="en" class="question-label active" data-itext-id="/ChildRegistration.xls/Father_Information/father_dob:label">Father's DoB</span><span class="required">*</span><input type="date" name="/ChildRegistration.xls/Father_Information/father_dob" required="required" data-constraint=".&lt;= /ChildRegistration.xls/today " data-type-xml="date"/><span lang="bn" class="or-constraint-msg " data-itext-id="/ChildRegistration.xls/Father_Information/father_dob:jr:constraintMsg">-</span><span lang="en" class="or-constraint-msg active" data-itext-id="/ChildRegistration.xls/Father_Information/father_dob:jr:constraintMsg">Date cannot be greater than today's date</span><span class="or-required-msg active" lang="" data-i18n="constraint.required">This field is required</span></label>
    </section><!--end of group -->
    <section class="or-group " name="/ChildRegistration.xls/Mother_Information"><h4><span lang="bn" class="question-label " data-itext-id="/ChildRegistration.xls/Mother_Information:label">-</span><span lang="en" class="question-label active" data-itext-id="/ChildRegistration.xls/Mother_Information:label">Mother's Information</span></h4><label class="question non-select "><span lang="bn" class="question-label " data-itext-id="/ChildRegistration.xls/Mother_Information/mother_nid:label">-</span><span lang="en" class="question-label active" data-itext-id="/ChildRegistration.xls/Mother_Information/mother_nid:label">Mother's NID</span><span class="required">*</span><input type="text" name="/ChildRegistration.xls/Mother_Information/mother_nid" required="required" data-constraint="regex(., '^(?!0{13})[0-9]{13}$') or regex(., '^(?!0{17})[0-9]{17}$')" data-type-xml="string"/><span lang="bn" class="or-constraint-msg " data-itext-id="/ChildRegistration.xls/Mother_Information/mother_nid:jr:constraintMsg">&#x99C;&#x9BE;&#x9A4;&#x9C0;&#x9DF; &#x9AA;&#x9B0;&#x9BF;&#x99A;&#x9DF;&#x9AA;&#x9A4;&#x9CD;&#x9B0; &#x9A8;&#x982; 13 &#x985;&#x9A5;&#x9AC;&#x9BE; 17 &#x9A1;&#x9BF;&#x99C;&#x9BF;&#x99F;&#x9C7;&#x9B0; &#x9B9;&#x9AC;&#x9C7;</span><span lang="en" class="or-constraint-msg active" data-itext-id="/ChildRegistration.xls/Mother_Information/mother_nid:jr:constraintMsg">Please enter 13 or 17 digits NID</span><span class="or-required-msg active" lang="" data-i18n="constraint.required">This field is required</span></label><label class="question non-select "><span lang="bn" class="question-label " data-itext-id="/ChildRegistration.xls/Mother_Information/mother_name_english:label">-</span><span lang="en" class="question-label active" data-itext-id="/ChildRegistration.xls/Mother_Information/mother_name_english:label">Mother's Name (in English)</span><span class="required">*</span><input type="text" name="/ChildRegistration.xls/Mother_Information/mother_name_english" required="required" data-constraint="regex(., '^[a-zA-Z\s\.\-]{3,25}$')" data-type-xml="string"/><span lang="bn" class="or-constraint-msg " data-itext-id="/ChildRegistration.xls/Mother_Information/mother_name_english:jr:constraintMsg">-</span><span lang="en" class="or-constraint-msg active" data-itext-id="/ChildRegistration.xls/Mother_Information/mother_name_english:jr:constraintMsg">Name must have atleast 3 lettes</span><span class="or-required-msg active" lang="" data-i18n="constraint.required">This field is required</span></label><label class="question non-select "><span lang="bn" class="question-label " data-itext-id="/ChildRegistration.xls/Mother_Information/mother_name_bengali:label">-</span><span lang="en" class="question-label active" data-itext-id="/ChildRegistration.xls/Mother_Information/mother_name_bengali:label">Mother's Name (in Bengali)</span><span class="required">*</span><input type="text" name="/ChildRegistration.xls/Mother_Information/mother_name_bengali" required="required" data-type-xml="string"/><span class="or-constraint-msg active" lang="" data-i18n="constraint.invalid">Value not allowed</span><span class="or-required-msg active" lang="" data-i18n="constraint.required">This field is required</span></label><label class="question non-select "><span lang="bn" class="question-label " data-itext-id="/ChildRegistration.xls/Mother_Information/mother_dob:label">-</span><span lang="en" class="question-label active" data-itext-id="/ChildRegistration.xls/Mother_Information/mother_dob:label">Mother's DoB</span><span class="required">*</span><input type="date" name="/ChildRegistration.xls/Mother_Information/mother_dob" required="required" data-constraint=".&lt;= /ChildRegistration.xls/today " data-type-xml="date"/><span lang="bn" class="or-constraint-msg " data-itext-id="/ChildRegistration.xls/Mother_Information/mother_dob:jr:constraintMsg">-</span><span lang="en" class="or-constraint-msg active" data-itext-id="/ChildRegistration.xls/Mother_Information/mother_dob:jr:constraintMsg">Date cannot be greater than today's date</span><span class="or-required-msg active" lang="" data-i18n="constraint.required">This field is required</span></label>
    </section><!--end of group -->
    <label class="question non-select "><span lang="bn" class="question-label " data-itext-id="/ChildRegistration.xls/child_dob:label">-</span><span lang="en" class="question-label active" data-itext-id="/ChildRegistration.xls/child_dob:label">Child DoB</span><span class="required">*</span><input type="date" name="/ChildRegistration.xls/child_dob" required="required" data-constraint=".&lt;= /ChildRegistration.xls/today " data-type-xml="date"/><span lang="bn" class="or-constraint-msg " data-itext-id="/ChildRegistration.xls/child_dob:jr:constraintMsg">-</span><span lang="en" class="or-constraint-msg active" data-itext-id="/ChildRegistration.xls/child_dob:jr:constraintMsg">Date cannot be greater than today's date</span><span class="or-required-msg active" lang="" data-i18n="constraint.required">This field is required</span></label>
    <label class="question or-appearance-minimal "><span lang="bn" class="question-label " data-itext-id="/ChildRegistration.xls/place_of_birth:label">-</span><span lang="en" class="question-label active" data-itext-id="/ChildRegistration.xls/place_of_birth:label">Place of Birth</span><span class="required">*</span><select name="/ChildRegistration.xls/place_of_birth" data-name="/ChildRegistration.xls/place_of_birth" required="required" data-type-xml="select1"><option value="">...</option><option value="Bagerhat">Bagerhat</option><option value="Bandarban">Bandarban</option><option value="Barguna">Barguna</option><option value="Barisal">Barisal</option><option value="Bhola">Bhola</option><option value="Bogra">Bogra</option><option value="Brahmanbaria">Brahmanbaria</option><option value="Chandpur">Chandpur</option><option value="Chittagong">Chittagong</option><option value="Chuadanga">Chuadanga</option><option value="Comilla">Comilla</option><option value="Cox'S Bazar">Cox'S Bazar</option><option value="Dhaka">Dhaka</option><option value="Dinajpur">Dinajpur</option><option value="Faridpur">Faridpur</option><option value="Feni">Feni</option><option value="Gaibandha">Gaibandha</option><option value="Gazipur">Gazipur</option><option value="Gopalganj">Gopalganj</option><option value="Habiganj">Habiganj</option><option value="Joypurhat">Joypurhat</option><option value="Jamalpur">Jamalpur</option><option value="Jessore">Jessore</option><option value="Jhalokati">Jhalokati</option><option value="Jhenaidah">Jhenaidah</option><option value="Khagrachhari">Khagrachhari</option><option value="Khulna">Khulna</option><option value="Kishorgonj">Kishorgonj</option><option value="Kurigram">Kurigram</option><option value="Kushtia">Kushtia</option><option value="Lakshmipur">Lakshmipur</option><option value="Lalmonirhat">Lalmonirhat</option><option value="Madaripur">Madaripur</option><option value="Magura">Magura</option><option value="Manikganj">Manikganj</option><option value="Meherpur">Meherpur</option><option value="Maulvibazar">Maulvibazar</option><option value="Munshiganj">Munshiganj</option><option value="Mymensingh">Mymensingh</option><option value="Naogaon">Naogaon</option><option value="Narail">Narail</option><option value="Narayanganj">Narayanganj</option><option value="Narsingdi">Narsingdi</option><option value="Natore">Natore</option><option value="Nawabganj">Nawabganj</option><option value="Netrakona">Netrakona</option><option value="Nilphamari">Nilphamari</option><option value="Noakhali">Noakhali</option><option value="Pabna">Pabna</option><option value="Panchagarh">Panchagarh</option><option value="Patuakhali">Patuakhali</option><option value="Pirojpur">Pirojpur</option><option value="Rajshahi">Rajshahi</option><option value="Rajbari">Rajbari</option><option value="Rangamati">Rangamati</option><option value="Rangpur">Rangpur</option><option value="Shariatpur">Shariatpur</option><option value="Satkhira">Satkhira</option><option value="Sirajganj">Sirajganj</option><option value="Sherpur">Sherpur</option><option value="Sunamganj">Sunamganj</option><option value="Sylhet">Sylhet</option><option value="Tangail">Tangail</option><option value="Thakurgaon">Thakurgaon</option></select><span class="or-option-translations" style="display:none;"><span data-option-value="Bagerhat" lang="bn">Bagerhat</span><span data-option-value="Bagerhat" lang="en">Bagerhat</span><span data-option-value="Bandarban" lang="bn">Bandarban</span><span data-option-value="Bandarban" lang="en">Bandarban</span><span data-option-value="Barguna" lang="bn">Barguna</span><span data-option-value="Barguna" lang="en">Barguna</span><span data-option-value="Barisal" lang="bn">Barisal</span><span data-option-value="Barisal" lang="en">Barisal</span><span data-option-value="Bhola" lang="bn">Bhola</span><span data-option-value="Bhola" lang="en">Bhola</span><span data-option-value="Bogra" lang="bn">Bogra</span><span data-option-value="Bogra" lang="en">Bogra</span><span data-option-value="Brahmanbaria" lang="bn">Brahmanbaria</span><span data-option-value="Brahmanbaria" lang="en">Brahmanbaria</span><span data-option-value="Chandpur" lang="bn">Chandpur</span><span data-option-value="Chandpur" lang="en">Chandpur</span><span data-option-value="Chittagong" lang="bn">Chittagong</span><span data-option-value="Chittagong" lang="en">Chittagong</span><span data-option-value="Chuadanga" lang="bn">Chuadanga</span><span data-option-value="Chuadanga" lang="en">Chuadanga</span><span data-option-value="Comilla" lang="bn">Comilla</span><span data-option-value="Comilla" lang="en">Comilla</span><span data-option-value="Cox'S Bazar" lang="bn">Cox'S Bazar</span><span data-option-value="Cox'S Bazar" lang="en">Cox'S Bazar</span><span data-option-value="Dhaka" lang="bn">Dhaka</span><span data-option-value="Dhaka" lang="en">Dhaka</span><span data-option-value="Dinajpur" lang="bn">Dinajpur</span><span data-option-value="Dinajpur" lang="en">Dinajpur</span><span data-option-value="Faridpur" lang="bn">Faridpur</span><span data-option-value="Faridpur" lang="en">Faridpur</span><span data-option-value="Feni" lang="bn">Feni</span><span data-option-value="Feni" lang="en">Feni</span><span data-option-value="Gaibandha" lang="bn">Gaibandha</span><span data-option-value="Gaibandha" lang="en">Gaibandha</span><span data-option-value="Gazipur" lang="bn">Gazipur</span><span data-option-value="Gazipur" lang="en">Gazipur</span><span data-option-value="Gopalganj" lang="bn">Gopalganj</span><span data-option-value="Gopalganj" lang="en">Gopalganj</span><span data-option-value="Habiganj" lang="bn">Habiganj</span><span data-option-value="Habiganj" lang="en">Habiganj</span><span data-option-value="Joypurhat" lang="bn">Joypurhat</span><span data-option-value="Joypurhat" lang="en">Joypurhat</span><span data-option-value="Jamalpur" lang="bn">Jamalpur</span><span data-option-value="Jamalpur" lang="en">Jamalpur</span><span data-option-value="Jessore" lang="bn">Jessore</span><span data-option-value="Jessore" lang="en">Jessore</span><span data-option-value="Jhalokati" lang="bn">Jhalokati</span><span data-option-value="Jhalokati" lang="en">Jhalokati</span><span data-option-value="Jhenaidah" lang="bn">Jhenaidah</span><span data-option-value="Jhenaidah" lang="en">Jhenaidah</span><span data-option-value="Khagrachhari" lang="bn">Khagrachhari</span><span data-option-value="Khagrachhari" lang="en">Khagrachhari</span><span data-option-value="Khulna" lang="bn">Khulna</span><span data-option-value="Khulna" lang="en">Khulna</span><span data-option-value="Kishorgonj" lang="bn">Kishorgonj</span><span data-option-value="Kishorgonj" lang="en">Kishorgonj</span><span data-option-value="Kurigram" lang="bn">Kurigram</span><span data-option-value="Kurigram" lang="en">Kurigram</span><span data-option-value="Kushtia" lang="bn">Kushtia</span><span data-option-value="Kushtia" lang="en">Kushtia</span><span data-option-value="Lakshmipur" lang="bn">Lakshmipur</span><span data-option-value="Lakshmipur" lang="en">Lakshmipur</span><span data-option-value="Lalmonirhat" lang="bn">Lalmonirhat</span><span data-option-value="Lalmonirhat" lang="en">Lalmonirhat</span><span data-option-value="Madaripur" lang="bn">Madaripur</span><span data-option-value="Madaripur" lang="en">Madaripur</span><span data-option-value="Magura" lang="bn">Magura</span><span data-option-value="Magura" lang="en">Magura</span><span data-option-value="Manikganj" lang="bn">Manikganj</span><span data-option-value="Manikganj" lang="en">Manikganj</span><span data-option-value="Meherpur" lang="bn">Meherpur</span><span data-option-value="Meherpur" lang="en">Meherpur</span><span data-option-value="Maulvibazar" lang="bn">Maulvibazar</span><span data-option-value="Maulvibazar" lang="en">Maulvibazar</span><span data-option-value="Munshiganj" lang="bn">Munshiganj</span><span data-option-value="Munshiganj" lang="en">Munshiganj</span><span data-option-value="Mymensingh" lang="bn">Mymensingh</span><span data-option-value="Mymensingh" lang="en">Mymensingh</span><span data-option-value="Naogaon" lang="bn">Naogaon</span><span data-option-value="Naogaon" lang="en">Naogaon</span><span data-option-value="Narail" lang="bn">Narail</span><span data-option-value="Narail" lang="en">Narail</span><span data-option-value="Narayanganj" lang="bn">Narayanganj</span><span data-option-value="Narayanganj" lang="en">Narayanganj</span><span data-option-value="Narsingdi" lang="bn">Narsingdi</span><span data-option-value="Narsingdi" lang="en">Narsingdi</span><span data-option-value="Natore" lang="bn">Natore</span><span data-option-value="Natore" lang="en">Natore</span><span data-option-value="Nawabganj" lang="bn">Nawabganj</span><span data-option-value="Nawabganj" lang="en">Nawabganj</span><span data-option-value="Netrakona" lang="bn">Netrakona</span><span data-option-value="Netrakona" lang="en">Netrakona</span><span data-option-value="Nilphamari" lang="bn">Nilphamari</span><span data-option-value="Nilphamari" lang="en">Nilphamari</span><span data-option-value="Noakhali" lang="bn">Noakhali</span><span data-option-value="Noakhali" lang="en">Noakhali</span><span data-option-value="Pabna" lang="bn">Pabna</span><span data-option-value="Pabna" lang="en">Pabna</span><span data-option-value="Panchagarh" lang="bn">Panchagarh</span><span data-option-value="Panchagarh" lang="en">Panchagarh</span><span data-option-value="Patuakhali" lang="bn">Patuakhali</span><span data-option-value="Patuakhali" lang="en">Patuakhali</span><span data-option-value="Pirojpur" lang="bn">Pirojpur</span><span data-option-value="Pirojpur" lang="en">Pirojpur</span><span data-option-value="Rajshahi" lang="bn">Rajshahi</span><span data-option-value="Rajshahi" lang="en">Rajshahi</span><span data-option-value="Rajbari" lang="bn">Rajbari</span><span data-option-value="Rajbari" lang="en">Rajbari</span><span data-option-value="Rangamati" lang="bn">Rangamati</span><span data-option-value="Rangamati" lang="en">Rangamati</span><span data-option-value="Rangpur" lang="bn">Rangpur</span><span data-option-value="Rangpur" lang="en">Rangpur</span><span data-option-value="Shariatpur" lang="bn">Shariatpur</span><span data-option-value="Shariatpur" lang="en">Shariatpur</span><span data-option-value="Satkhira" lang="bn">Satkhira</span><span data-option-value="Satkhira" lang="en">Satkhira</span><span data-option-value="Sirajganj" lang="bn">Sirajganj</span><span data-option-value="Sirajganj" lang="en">Sirajganj</span><span data-option-value="Sherpur" lang="bn">Sherpur</span><span data-option-value="Sherpur" lang="en">Sherpur</span><span data-option-value="Sunamganj" lang="bn">Sunamganj</span><span data-option-value="Sunamganj" lang="en">Sunamganj</span><span data-option-value="Sylhet" lang="bn">Sylhet</span><span data-option-value="Sylhet" lang="en">Sylhet</span><span data-option-value="Tangail" lang="bn">Tangail</span><span data-option-value="Tangail" lang="en">Tangail</span><span data-option-value="Thakurgaon" lang="bn">Thakurgaon</span><span data-option-value="Thakurgaon" lang="en">Thakurgaon</span>
    </span><span class="or-constraint-msg active" lang="" data-i18n="constraint.invalid">Value not allowed</span><span class="or-required-msg active" lang="" data-i18n="constraint.required">This field is required</span></label>
    <label class="question or-appearance-minimal "><span lang="bn" class="question-label " data-itext-id="/ChildRegistration.xls/nationality:label">-</span><span lang="en" class="question-label active" data-itext-id="/ChildRegistration.xls/nationality:label">Nationality</span><span class="required">*</span><span lang="bn" class="or-hint " data-itext-id="/ChildRegistration.xls/nationality:hint">-</span><span lang="en" class="or-hint active" data-itext-id="/ChildRegistration.xls/nationality:hint">Please select your nationality</span><select name="/ChildRegistration.xls/nationality" data-name="/ChildRegistration.xls/nationality" required="required" data-type-xml="select1"><option value="">...</option><option value="1">Bangladeshi</option><option value="2">Other</option></select><span class="or-option-translations" style="display:none;"><span data-option-value="1" lang="bn">Bangladeshi</span><span data-option-value="1" lang="en">Bangladeshi</span><span data-option-value="2" lang="bn">Other</span><span data-option-value="2" lang="en">Other</span>
    </span><span class="or-constraint-msg active" lang="" data-i18n="constraint.invalid">Value not allowed</span><span class="or-required-msg active" lang="" data-i18n="constraint.required">This field is required</span></label>
    <fieldset class="question simple-select "><fieldset><legend><span lang="bn" class="question-label " data-itext-id="/ChildRegistration.xls/gender:label">-</span><span lang="en" class="question-label active" data-itext-id="/ChildRegistration.xls/gender:label">Gender</span><span class="required">*</span>
    </legend><div class="option-wrapper"><label class=""><input type="radio" name="/ChildRegistration.xls/gender" data-name="/ChildRegistration.xls/gender" value="1" required="required" data-type-xml="select1"/><span lang="bn" class="option-label " data-itext-id="/ChildRegistration.xls/gender/1:label">Male</span><span lang="en" class="option-label active" data-itext-id="/ChildRegistration.xls/gender/1:label">Male</span></label><label class=""><input type="radio" name="/ChildRegistration.xls/gender" data-name="/ChildRegistration.xls/gender" value="2" required="required" data-type-xml="select1"/><span lang="bn" class="option-label " data-itext-id="/ChildRegistration.xls/gender/2:label">Female</span><span lang="en" class="option-label active" data-itext-id="/ChildRegistration.xls/gender/2:label">Female</span></label><label class=""><input type="radio" name="/ChildRegistration.xls/gender" data-name="/ChildRegistration.xls/gender" value="3" required="required" data-type-xml="select1"/><span lang="bn" class="option-label " data-itext-id="/ChildRegistration.xls/gender/3:label">Transgender</span><span lang="en" class="option-label active" data-itext-id="/ChildRegistration.xls/gender/3:label">Transgender</span></label></div></fieldset><span class="or-constraint-msg active" lang="" data-i18n="constraint.invalid">Value not allowed</span><span class="or-required-msg active" lang="" data-i18n="constraint.required">This field is required</span></fieldset>
    <label class="question non-select "><span lang="bn" class="question-label " data-itext-id="/ChildRegistration.xls/present_address:label">-</span><span lang="en" class="question-label active" data-itext-id="/ChildRegistration.xls/present_address:label">Present Address</span><span class="required">*</span><span lang="bn" class="or-hint " data-itext-id="/ChildRegistration.xls/present_address:hint">-</span><span lang="en" class="or-hint active" data-itext-id="/ChildRegistration.xls/present_address:hint">Please type your present address</span><input type="text" name="/ChildRegistration.xls/present_address" required="required" data-type-xml="string"/><span class="or-constraint-msg active" lang="" data-i18n="constraint.invalid">Value not allowed</span><span class="or-required-msg active" lang="" data-i18n="constraint.required">This field is required</span></label>
    <label class="question non-select "><span lang="bn" class="question-label " data-itext-id="/ChildRegistration.xls/permanent_address:label">-</span><span lang="en" class="question-label active" data-itext-id="/ChildRegistration.xls/permanent_address:label">Permanent Address</span><span class="required">*</span><span lang="bn" class="or-hint " data-itext-id="/ChildRegistration.xls/permanent_address:hint">-</span><span lang="en" class="or-hint active" data-itext-id="/ChildRegistration.xls/permanent_address:hint">Please type your permanent address</span><input type="text" name="/ChildRegistration.xls/permanent_address" required="required" data-type-xml="string"/><span class="or-constraint-msg active" lang="" data-i18n="constraint.invalid">Value not allowed</span><span class="or-required-msg active" lang="" data-i18n="constraint.required">This field is required</span></label>

    <fieldset id="or-preload-items" style="display:none;"><label class="calculation non-select "><input type="hidden" name="/ChildRegistration.xls/start" data-preload="timestamp" data-preload-params="start" data-type-xml="dateTime"/></label><label class="calculation non-select "><input type="hidden" name="/ChildRegistration.xls/today" data-preload="date" data-preload-params="today" data-type-xml="date"/></label><label class="calculation non-select "><input type="hidden" name="/ChildRegistration.xls/end" data-preload="timestamp" data-preload-params="end" data-type-xml="dateTime"/></label></fieldset><fieldset id="or-calculated-items" style="display:none;"><label class="calculation non-select "><input type="hidden" name="/ChildRegistration.xls/COUNTRY" data-calculate=" /ChildRegistration.xls/existing_Country " data-type-xml="string"/></label><label class="calculation non-select "><input type="hidden" name="/ChildRegistration.xls/DIVISION" data-calculate=" /ChildRegistration.xls/existing_Division " data-type-xml="string"/></label><label class="calculation non-select "><input type="hidden" name="/ChildRegistration.xls/DISTRICT" data-calculate=" /ChildRegistration.xls/existing_District " data-type-xml="string"/></label><label class="calculation non-select "><input type="hidden" name="/ChildRegistration.xls/UPAZILLA" data-calculate=" /ChildRegistration.xls/existing_Upazilla " data-type-xml="string"/></label><label class="calculation non-select "><input type="hidden" name="/ChildRegistration.xls/PAURASAVA" data-calculate=" /ChildRegistration.xls/existing_Paurasava " data-type-xml="string"/></label><label class="calculation non-select "><input type="hidden" name="/ChildRegistration.xls/UNION" data-calculate=" /ChildRegistration.xls/existing_Union " data-type-xml="string"/></label><label class="calculation non-select "><input type="hidden" name="/ChildRegistration.xls/HIE_FACILITIES" data-calculate=" /ChildRegistration.xls/existing_HIE_facilities " data-type-xml="string"/></label><label class="calculation non-select "><input type="hidden" name="/ChildRegistration.xls/name_Lname" data-calculate="&quot;.&quot;" data-type-xml="string"/></label><label class="calculation non-select "><input type="hidden" name="/ChildRegistration.xls/meta/instanceID" data-calculate="concat('uuid:', uuid())" data-type-xml="string"/></label><label class="calculation non-select "><input type="hidden" name="/ChildRegistration.xls/formhub/uuid" data-calculate="'f0db687e40384ae88729e7c470ac0e6f'" data-type-xml="string"/></label></fieldset></form><xsltmessages><message level="0">XML to HTML transformation for form took 0.05 seconds</message></xsltmessages><jrvalidationmessages><message level="1">This validation is yet not functional.</message></jrvalidationmessages><xmlerrors/><xslformerrors/><xsldataerrors/></root>
