{
  "form_data_definition_version": "1",
  "form": {
    "default_bind_path": "/model/instance/ChildRegistration.xls",
    "bind_type": "crvschild",
    "fields": [
      {
        "name": "id",
        "shouldLoadValue": true
      },
      {
        "name": "existing_Country",
        "bind": "/model/instance/ChildRegistration.xls/existing_Country"
      },
      {
        "name": "existing_Division",
        "bind": "/model/instance/ChildRegistration.xls/existing_Division"
      },
      {
        "name": "existing_District",
        "bind": "/model/instance/ChildRegistration.xls/existing_District"
      },
      {
        "name": "existing_Upazilla",
        "bind": "/model/instance/ChildRegistration.xls/existing_Upazilla"
      },
      {
        "name": "existing_Paurasava",
        "bind": "/model/instance/ChildRegistration.xls/existing_Paurasava"
      },
      {
        "name": "existing_Union",
        "bind": "/model/instance/ChildRegistration.xls/existing_Union"
      },
      {
        "name": "existing_HIE_facilities",
        "bind": "/model/instance/ChildRegistration.xls/existing_HIE_facilities"
      },
      {
        "name": "start",
        "bind": "/model/instance/ChildRegistration.xls/start"
      },
      {
        "name": "today",
        "bind": "/model/instance/ChildRegistration.xls/today"
      },
      {
        "name": "WARD",
        "bind": "/model/instance/ChildRegistration.xls/WARD"
      },
      {
        "name": "COUNTRY",
        "bind": "/model/instance/ChildRegistration.xls/COUNTRY"
      },
      {
        "name": "DIVISION",
        "bind": "/model/instance/ChildRegistration.xls/DIVISION"
      },
      {
        "name": "DISTRICT",
        "bind": "/model/instance/ChildRegistration.xls/DISTRICT"
      },
      {
        "name": "UPAZILLA",
        "bind": "/model/instance/ChildRegistration.xls/UPAZILLA"
      },
      {
        "name": "PAURASAVA",
        "bind": "/model/instance/ChildRegistration.xls/PAURASAVA"
      },
      {
        "name": "UNION",
        "bind": "/model/instance/ChildRegistration.xls/UNION"
      },
      {
        "name": "ADDRESS_LINE",
        "bind": "/model/instance/ChildRegistration.xls/ADDRESS_LINE"
      },
      {
        "name": "HIE_FACILITIES",
        "bind": "/model/instance/ChildRegistration.xls/HIE_FACILITIES"
      },
      {
        "name": "GPS",
        "bind": "/model/instance/ChildRegistration.xls/GPS"
      },
      {
        "name": "Date_Of_Reg",
        "bind": "/model/instance/ChildRegistration.xls/Date_Of_Reg"
      },
      {
        "name": "child_nid",
        "bind": "/model/instance/ChildRegistration.xls/child_nid"
      },
      {
        "name": "name_english",
        "bind": "/model/instance/ChildRegistration.xls/name_english"
      },
      {
        "name": "name_bengali",
        "bind": "/model/instance/ChildRegistration.xls/name_bengali"
      },
      {
        "name": "father_nid",
        "bind": "/model/instance/ChildRegistration.xls/Father_Information/father_nid"
      },
      {
        "name": "father_name_english",
        "bind": "/model/instance/ChildRegistration.xls/Father_Information/father_name_english"
      },
      {
        "name": "father_name_bengali",
        "bind": "/model/instance/ChildRegistration.xls/Father_Information/father_name_bengali"
      },
      {
        "name": "father_dob",
        "bind": "/model/instance/ChildRegistration.xls/Father_Information/father_dob"
      },
      {
        "name": "mother_nid",
        "bind": "/model/instance/ChildRegistration.xls/Mother_Information/mother_nid"
      },
      {
        "name": "mother_name_english",
        "bind": "/model/instance/ChildRegistration.xls/Mother_Information/mother_name_english"
      },
      {
        "name": "mother_name_bengali",
        "bind": "/model/instance/ChildRegistration.xls/Mother_Information/mother_name_bengali"
      },
      {
        "name": "mother_dob",
        "bind": "/model/instance/ChildRegistration.xls/Mother_Information/mother_dob"
      },
      {
        "name": "child_dob",
        "bind": "/model/instance/ChildRegistration.xls/child_dob"
      },
      {
        "name": "place_of_birth",
        "bind": "/model/instance/ChildRegistration.xls/place_of_birth"
      },
      {
        "name": "nationality",
        "bind": "/model/instance/ChildRegistration.xls/nationality"
      },
      {
        "name": "gender",
        "bind": "/model/instance/ChildRegistration.xls/gender"
      },
      {
        "name": "present_address",
        "bind": "/model/instance/ChildRegistration.xls/present_address"
      },
      {
        "name": "permanent_address",
        "bind": "/model/instance/ChildRegistration.xls/permanent_address"
      },
      {
        "name": "end",
        "bind": "/model/instance/ChildRegistration.xls/end"
      }
    ]
  }
}