<?xml version="1.0"?>
<root><form autocomplete="off" novalidate="novalidate" class="or clearfix" dir="ltr" id="BirthOutcome">
    <!--This form was created by transforming a OpenRosa-flavored (X)Form using an XSLT sheet created by Enketo LLC.--><section class="form-logo"> </section><h3 id="form-title">&#x9AC;&#x9BE;&#x9B0;&#x9CD;&#x9A5; &#x986;&#x989;&#x99F;&#x995;&#x9BE;&#x9AE; &#x9AB;&#x9B0;&#x9CD;&#x9AE;</h3><select id="form-languages" data-default-lang="bn"><option value="bn">Bengali</option> <option value="en">English</option> </select>


    <section class="or-group " name="/BirthOutcome/Child_Registration"><h4><span lang="bn" class="question-label active" data-itext-id="/BirthOutcome/Child_Registration:label">&#x9AC;&#x9BE;&#x99A;&#x9CD;&#x99A;&#x9BE;&#x995;&#x9C7; &#x9A8;&#x9BF;&#x9AC;&#x9A8;&#x9CD;&#x9A7;&#x9A8;</span><span lang="en" class="question-label " data-itext-id="/BirthOutcome/Child_Registration:label">Child Registration</span></h4><section class="or-repeat " name="/BirthOutcome/Child_Registration"><label class="question non-select "><span lang="bn" class="question-label active" data-itext-id="/BirthOutcome/Child_Registration/Interview_date:label">&#x9B8;&#x9BE;&#x995;&#x9CD;&#x9B7;&#x9BE;&#x9A4;&#x995;&#x9BE;&#x9B0;&#x9C7;&#x9B0; &#x9A4;&#x9BE;&#x9B0;&#x9BF;&#x996;</span><span lang="en" class="question-label " data-itext-id="/BirthOutcome/Child_Registration/Interview_date:label">Date of Interview</span><span class="required">*</span><span lang="bn" class="or-hint active" data-itext-id="/BirthOutcome/Child_Registration/Interview_date:hint">&#x986;&#x99C;&#x995;&#x9C7;&#x9B0; &#x9A4;&#x9BE;&#x9B0;&#x9BF;&#x996; &#x9A6;&#x9BF;&#x9A8;</span><span lang="en" class="or-hint " data-itext-id="/BirthOutcome/Child_Registration/Interview_date:hint">Please Confirm Today&#x2019;s date is correct</span><input type="date" name="/BirthOutcome/Child_Registration/Interview_date" required="required" data-constraint=".&lt;= /BirthOutcome/today " data-type-xml="date"/><span lang="bn" class="or-constraint-msg active" data-itext-id="/BirthOutcome/Child_Registration/Interview_date:jr:constraintMsg">&#x9A4;&#x9BE;&#x9B0;&#x9BF;&#x996; &#x986;&#x99C;&#x995;&#x9C7;&#x9B0; &#x9A4;&#x9BE;&#x9B0;&#x9BF;&#x996;&#x9C7;&#x9B0; &#x99A;&#x9C7;&#x9DF;&#x9C7; &#x9AC;&#x9C7;&#x9B6;&#x9C0; &#x9B9;&#x9A4;&#x9C7; &#x9AA;&#x9BE;&#x9B0;&#x9AC;&#x9C7;&#x9A8;&#x9BE;</span><span lang="en" class="or-constraint-msg " data-itext-id="/BirthOutcome/Child_Registration/Interview_date:jr:constraintMsg">Date cannot be greater than today's date</span><span class="or-required-msg active" lang="" data-i18n="constraint.required">This field is required</span></label><label class="note non-select "><span lang="bn" class="question-label active" data-itext-id="/BirthOutcome/Child_Registration/HH_Address:label">&#x9AC;&#x9BF;&#x9AD;&#x9BE;&#x997;&#x983; <span class="or-output" data-value=" /BirthOutcome/existing_DIVISION ">
    </span>
        &#x99C;&#x9C7;&#x9B2;&#x9BE;&#x983; <span class="or-output" data-value=" /BirthOutcome/existing_DISTRICT ">
        </span>
        &#x989;&#x9AA;&#x99C;&#x9C7;&#x9B2;&#x9BE;&#x983; <span class="or-output" data-value=" /BirthOutcome/existing_UPAZILLA ">
        </span>
        &#x9AA;&#x9CC;&#x9B0;&#x9B8;&#x9AD;&#x9BE;&#x983; <span class="or-output" data-value=" /BirthOutcome/existing_Paurasava ">
        </span>
        &#x987;&#x989;&#x9A8;&#x9BF;&#x9DF;&#x9A8;&#x983; <span class="or-output" data-value=" /BirthOutcome/existing_UNION ">
        </span>
        &#x993;&#x9DF;&#x9BE;&#x9B0;&#x9CD;&#x9A1;&#x983; <span class="or-output" data-value=" /BirthOutcome/existing_WARD ">
        </span>
        &#x9AC;&#x9CD;&#x9B2;&#x995;&#x983; <span class="or-output" data-value=" /BirthOutcome/existing_BLOCK ">
        </span>
        &#x9AC;&#x9BE;&#x9DC;&#x9C0;&#x983; <span class="or-output" data-value=" /BirthOutcome/existing_Address_line ">
        </span></span><span lang="en" class="question-label " data-itext-id="/BirthOutcome/Child_Registration/HH_Address:label">Division: <span class="or-output" data-value=" /BirthOutcome/existing_DIVISION ">
    </span>
        District: <span class="or-output" data-value=" /BirthOutcome/existing_DISTRICT ">
        </span>
        Upazilla: <span class="or-output" data-value=" /BirthOutcome/existing_UPAZILLA ">
        </span>
        Paurasava: <span class="or-output" data-value=" /BirthOutcome/existing_Paurasava ">
        </span>
        Union: <span class="or-output" data-value=" /BirthOutcome/existing_UNION ">
        </span>
        Ward: <span class="or-output" data-value=" /BirthOutcome/existing_BLOCK ">
        </span>
        House: <span class="or-output" data-value=" /BirthOutcome/existing_Address_line ">
        </span></span><input type="text" name="/BirthOutcome/Child_Registration/HH_Address" data-type-xml="string" readonly="readonly"/></label><label class="question non-select or-appearance-numbers "><span lang="bn" class="question-label active" data-itext-id="/BirthOutcome/Child_Registration/Reg_No:label">&#x9B8;&#x9A6;&#x9B8;&#x9CD;&#x9AF;&#x9C7;&#x9B0; &#x9B0;&#x9C7;&#x99C;&#x9BF;&#x9B8;&#x9CD;&#x99F;&#x9CD;&#x9B0;&#x9C7;&#x9B6;&#x9A8; &#x9A8;&#x982;</span><span lang="en" class="question-label " data-itext-id="/BirthOutcome/Child_Registration/Reg_No:label">existing's Registration No.</span><span class="required">*</span><input type="text" name="/BirthOutcome/Child_Registration/Reg_No" required="required" data-type-xml="string"/><span class="or-constraint-msg active" lang="" data-i18n="constraint.invalid">Value not allowed</span><span class="or-required-msg active" lang="" data-i18n="constraint.required">This field is required</span></label><fieldset class="question simple-select "><fieldset><legend><span lang="bn" class="question-label active" data-itext-id="/BirthOutcome/Child_Registration/Member_Unique_ID:label">&#x9A8;&#x9BF;&#x99A;&#x9C7;&#x9B0; &#x995;&#x9CB;&#x9A8; &#x9AA;&#x9B0;&#x9BF;&#x99A;&#x9DF; &#x9AA;&#x9A4;&#x9CD;&#x9B0;&#x99F;&#x9BF; &#x986;&#x99B;&#x9C7;?</span><span lang="en" class="question-label " data-itext-id="/BirthOutcome/Child_Registration/Member_Unique_ID:label">Which ID card do you have?</span>
    </legend><div class="option-wrapper"><label class=""><input type="checkbox" name="/BirthOutcome/Child_Registration/Member_Unique_ID" value="2" data-type-xml="select"/><span lang="bn" class="option-label active" data-itext-id="/BirthOutcome/Child_Registration/Member_Unique_ID/2:label">&#x99C;&#x9A8;&#x9CD;&#x9AE; &#x9A8;&#x9BF;&#x9AC;&#x9A8;&#x9CD;&#x9A7;&#x9A8; &#x9B8;&#x9A8;&#x9A6;&#x9AA;&#x9A4;&#x9CD;&#x9B0; &#x9A8;&#x9AE;&#x9CD;&#x9AC;&#x9B0;</span><span lang="en" class="option-label " data-itext-id="/BirthOutcome/Child_Registration/Member_Unique_ID/2:label">BRID</span></label><label class=""><input type="checkbox" name="/BirthOutcome/Child_Registration/Member_Unique_ID" value="3" data-type-xml="select"/><span lang="bn" class="option-label active" data-itext-id="/BirthOutcome/Child_Registration/Member_Unique_ID/3:label">&#x9B9;&#x9C7;&#x9B2;&#x9A5; &#x986;&#x987; &#x9A1;&#x9BF;</span><span lang="en" class="option-label " data-itext-id="/BirthOutcome/Child_Registration/Member_Unique_ID/3:label">HID</span></label></div></fieldset><span class="or-constraint-msg active" lang="" data-i18n="constraint.invalid">Value not allowed</span></fieldset><label class="question or-branch pre-init non-select or-appearance-numbers "><span lang="bn" class="question-label active" data-itext-id="/BirthOutcome/Child_Registration/Member_BRID:label">&#x99C;&#x9A8;&#x9CD;&#x9AE; &#x9A8;&#x9BF;&#x9AC;&#x9A8;&#x9CD;&#x9A7;&#x9A8; &#x9B8;&#x9A8;&#x9A6;&#x9AA;&#x9A4;&#x9CD;&#x9B0; &#x9A8;&#x9AE;&#x9CD;&#x9AC;&#x9B0;&#x99F;&#x9BF; &#x9B2;&#x9BF;&#x996;&#x9C1;&#x9A8;</span><span lang="en" class="question-label " data-itext-id="/BirthOutcome/Child_Registration/Member_BRID:label">Type BRID</span><span class="required">*</span><span lang="bn" class="or-hint active" data-itext-id="/BirthOutcome/Child_Registration/Member_BRID:hint">&#x99C;&#x9A8;&#x9CD;&#x9AE; &#x9A8;&#x9BF;&#x9AC;&#x9A8;&#x9CD;&#x9A7;&#x9A8; &#x9B8;&#x9A8;&#x9A6;&#x9AA;&#x9A4;&#x9CD;&#x9B0;&#x9C7;&#x9B0; &#x9B8;&#x9B0;&#x995;&#x9BE;&#x9B0;&#x9C0; &#x9A8;&#x9AE;&#x9CD;&#x9AC;&#x9B0; &#x9AF;&#x9C7;&#x9AD;&#x9BE;&#x9AC;&#x9C7; &#x9A6;&#x9C7;&#x993;&#x9DF;&#x9BE; &#x986;&#x99B;&#x9C7; &#x9B8;&#x9C7;&#x9AD;&#x9BE;&#x9AC;&#x9C7;&#x987; &#x987;&#x9A8;&#x9AA;&#x9C1;&#x99F; &#x9A6;&#x9BF;&#x9A8;&#x964;</span><span lang="en" class="or-hint " data-itext-id="/BirthOutcome/Child_Registration/Member_BRID:hint">-</span><input type="text" name="/BirthOutcome/Child_Registration/Member_BRID" required="required" data-constraint="regex(., '^(?!0{17})[0-9]{17}$')" data-relevant="selected( /BirthOutcome/Child_Registration/Member_Unique_ID ,'2')" data-type-xml="string"/><span lang="bn" class="or-constraint-msg active" data-itext-id="/BirthOutcome/Child_Registration/Member_BRID:jr:constraintMsg">&#x99C;&#x9A8;&#x9CD;&#x9AE; &#x9A8;&#x9BF;&#x9AC;&#x9A8;&#x9CD;&#x9A7;&#x9A8; &#x9B8;&#x9A8;&#x9A6; &#x9A8;&#x982; 17 &#x9A1;&#x9BF;&#x99C;&#x9BF;&#x99F;&#x9C7;&#x9B0; &#x9B9;&#x9AC;&#x9C7;</span><span lang="en" class="or-constraint-msg " data-itext-id="/BirthOutcome/Child_Registration/Member_BRID:jr:constraintMsg">-</span><span class="or-required-msg active" lang="" data-i18n="constraint.required">This field is required</span></label><label class="question or-branch pre-init non-select or-appearance-numbers "><span lang="bn" class="question-label active" data-itext-id="/BirthOutcome/Child_Registration/Member_HID:label">&#x9B9;&#x9C7;&#x9B2;&#x9A5; &#x986;&#x987; &#x9A1;&#x9BF; &#x9B2;&#x9BF;&#x996;&#x9C1;&#x9A8;</span><span lang="en" class="question-label " data-itext-id="/BirthOutcome/Child_Registration/Member_HID:label">Type HID</span><span class="required">*</span><input type="text" name="/BirthOutcome/Child_Registration/Member_HID" required="required" data-relevant="selected( /BirthOutcome/Child_Registration/Member_Unique_ID ,'3')" data-type-xml="string"/><span class="or-constraint-msg active" lang="" data-i18n="constraint.invalid">Value not allowed</span><span class="or-required-msg active" lang="" data-i18n="constraint.required">This field is required</span></label><label class="note non-select "><span lang="bn" class="question-label active" data-itext-id="/BirthOutcome/Child_Registration/Child_birth_date_note:label">&#x99C;&#x9A8;&#x9CD;&#x9AE;&#x9A4;&#x9BE;&#x9B0;&#x9BF;&#x996;: <span class="or-output" data-value=" /BirthOutcome/Child_Registration/Child_dob ">
    </span> (<span class="or-output" data-value=" /BirthOutcome/Child_Registration/Child_age_days ">
    </span> &#x9A6;&#x9BF;&#x9A8;)</span><span lang="en" class="question-label " data-itext-id="/BirthOutcome/Child_Registration/Child_birth_date_note:label">Date of Birth: <span class="or-output" data-value=" /BirthOutcome/Child_Registration/Child_dob ">
    </span> (<span class="or-output" data-value=" /BirthOutcome/Child_Registration/Child_age_days ">
    </span> days)</span><input type="text" name="/BirthOutcome/Child_Registration/Child_birth_date_note" data-type-xml="string" readonly="readonly"/></label><fieldset class="question simple-select or-branch pre-init "><fieldset><legend><span lang="bn" class="question-label active" data-itext-id="/BirthOutcome/Child_Registration/Birth_Weigtht:label">&#x99C;&#x9A8;&#x9CD;&#x9AE;&#x9C7;&#x9B0; &#x9B8;&#x9AE;&#x9DF;&#x9C7; &#x993;&#x99C;&#x9A8; (&#x997;&#x9C1;&#x9A3;&#x997;&#x9A4;)</span><span lang="en" class="question-label " data-itext-id="/BirthOutcome/Child_Registration/Birth_Weigtht:label">Birth weight, qualitative</span>
    </legend><div class="option-wrapper"><label class=""><input type="radio" name="/BirthOutcome/Child_Registration/Birth_Weigtht" data-name="/BirthOutcome/Child_Registration/Birth_Weigtht" value="0" data-relevant=" /BirthOutcome/Child_Registration/Child_age_days &lt;'7'" data-type-xml="select1"/><span lang="bn" class="option-label active" data-itext-id="/BirthOutcome/Child_Registration/Birth_Weigtht/0:label">&#x9B8;&#x9CD;&#x9AC;&#x9BE;&#x9AD;&#x9BE;&#x9AC;&#x9BF;&#x995;</span><span lang="en" class="option-label " data-itext-id="/BirthOutcome/Child_Registration/Birth_Weigtht/0:label">Normal</span></label><label class=""><input type="radio" name="/BirthOutcome/Child_Registration/Birth_Weigtht" data-name="/BirthOutcome/Child_Registration/Birth_Weigtht" value="1" data-relevant=" /BirthOutcome/Child_Registration/Child_age_days &lt;'7'" data-type-xml="select1"/><span lang="bn" class="option-label active" data-itext-id="/BirthOutcome/Child_Registration/Birth_Weigtht/1:label">&#x995;&#x9AE;</span><span lang="en" class="option-label " data-itext-id="/BirthOutcome/Child_Registration/Birth_Weigtht/1:label">Low</span></label><label class=""><input type="radio" name="/BirthOutcome/Child_Registration/Birth_Weigtht" data-name="/BirthOutcome/Child_Registration/Birth_Weigtht" value="2" data-relevant=" /BirthOutcome/Child_Registration/Child_age_days &lt;'7'" data-type-xml="select1"/><span lang="bn" class="option-label active" data-itext-id="/BirthOutcome/Child_Registration/Birth_Weigtht/2:label">&#x9AC;&#x9C7;&#x9B6;&#x9C0;</span><span lang="en" class="option-label " data-itext-id="/BirthOutcome/Child_Registration/Birth_Weigtht/2:label">High</span></label></div></fieldset><span class="or-constraint-msg active" lang="" data-i18n="constraint.invalid">Value not allowed</span></fieldset><fieldset class="question simple-select or-branch pre-init "><fieldset><legend><span lang="bn" class="question-label active" data-itext-id="/BirthOutcome/Child_Registration/Newborn_Care_Received:label">&#x9A8;&#x9AC;&#x99C;&#x9BE;&#x9A4;&#x995; &#x9B8;&#x9C7;&#x9AC;&#x9BE; &#x9AA;&#x9C7;&#x9DF;&#x9C7;&#x99B;&#x9C7; &#x995;&#x9BF;?</span><span lang="en" class="question-label " data-itext-id="/BirthOutcome/Child_Registration/Newborn_Care_Received:label">Newborn care received</span>
    </legend><div class="option-wrapper"><label class=""><input type="checkbox" name="/BirthOutcome/Child_Registration/Newborn_Care_Received" value="0" data-relevant=" /BirthOutcome/Child_Registration/Child_age_days &lt;'7'" data-type-xml="select"/><span lang="bn" class="option-label active" data-itext-id="/BirthOutcome/Child_Registration/Newborn_Care_Received/0:label">&#x995;&#x9CB;&#x9A8; &#x9B8;&#x9C7;&#x9AC;&#x9BE; &#x9A8;&#x9C7;&#x9DF;&#x9A8;&#x9BF;</span><span lang="en" class="option-label " data-itext-id="/BirthOutcome/Child_Registration/Newborn_Care_Received/0:label">No care</span></label><label class=""><input type="checkbox" name="/BirthOutcome/Child_Registration/Newborn_Care_Received" value="1" data-relevant=" /BirthOutcome/Child_Registration/Child_age_days &lt;'7'" data-type-xml="select"/><span lang="bn" class="option-label active" data-itext-id="/BirthOutcome/Child_Registration/Newborn_Care_Received/1:label">&#x9A6;&#x9C7;&#x9B0;&#x9C0;&#x9A4;&#x9C7; &#x997;&#x9CB;&#x9B8;&#x9B2; &#x995;&#x9B0;&#x9BE;&#x9A8;&#x9CB; &#x9B9;&#x9DF;&#x9C7;&#x99B;&#x9C7;</span><span lang="en" class="option-label " data-itext-id="/BirthOutcome/Child_Registration/Newborn_Care_Received/1:label">Delayed bathing</span></label><label class=""><input type="checkbox" name="/BirthOutcome/Child_Registration/Newborn_Care_Received" value="2" data-relevant=" /BirthOutcome/Child_Registration/Child_age_days &lt;'7'" data-type-xml="select"/><span lang="bn" class="option-label active" data-itext-id="/BirthOutcome/Child_Registration/Newborn_Care_Received/2:label">&#x99C;&#x9A8;&#x9CD;&#x9AE;&#x9C7;&#x9B0; &#x9E7; &#x998;&#x9A3;&#x9CD;&#x99F;&#x9BE;&#x9B0; &#x9AE;&#x9A7;&#x9C7;&#x9DF; &#x997;&#x9CB;&#x9B8;&#x9B2; &#x995;&#x9B0;&#x9BE;&#x9A8;&#x9CB; &#x9B9;&#x9DF;&#x9C7;&#x99B;&#x9C7;</span><span lang="en" class="option-label " data-itext-id="/BirthOutcome/Child_Registration/Newborn_Care_Received/2:label">Breastfed within 1 hour of birth</span></label><label class=""><input type="checkbox" name="/BirthOutcome/Child_Registration/Newborn_Care_Received" value="3" data-relevant=" /BirthOutcome/Child_Registration/Child_age_days &lt;'7'" data-type-xml="select"/><span lang="bn" class="option-label active" data-itext-id="/BirthOutcome/Child_Registration/Newborn_Care_Received/3:label">&#x9A4;&#x9BE;&#x9CE;&#x995;&#x9CD;&#x9B7;&#x9A8;&#x9BF;&#x995; &#x989;&#x9B7;&#x9CD;&#x9A3; &#x9B8;&#x9C7;&#x9AC;&#x9BE;</span><span lang="en" class="option-label " data-itext-id="/BirthOutcome/Child_Registration/Newborn_Care_Received/3:label">Immedicate thermal care</span></label></div></fieldset><span class="or-constraint-msg active" lang="" data-i18n="constraint.invalid">Value not allowed</span></fieldset><fieldset class="question simple-select "><fieldset><legend><span lang="bn" class="question-label active" data-itext-id="/BirthOutcome/Child_Registration/Child_gender:label">&#x9B2;&#x9BF;&#x999;&#x9CD;&#x997;</span><span lang="en" class="question-label " data-itext-id="/BirthOutcome/Child_Registration/Child_gender:label">Gender</span><span class="required">*</span>
    </legend><div class="option-wrapper"><label class=""><input type="radio" name="/BirthOutcome/Child_Registration/Child_gender" data-name="/BirthOutcome/Child_Registration/Child_gender" value="1" required="required" data-type-xml="select1"/><span lang="bn" class="option-label active" data-itext-id="/BirthOutcome/Child_Registration/Child_gender/1:label">&#x9AA;&#x9C1;&#x9B0;&#x9C1;&#x9B7;/&#x99B;&#x9C7;&#x9B2;&#x9C7;</span><span lang="en" class="option-label " data-itext-id="/BirthOutcome/Child_Registration/Child_gender/1:label">Male</span></label><label class=""><input type="radio" name="/BirthOutcome/Child_Registration/Child_gender" data-name="/BirthOutcome/Child_Registration/Child_gender" value="2" required="required" data-type-xml="select1"/><span lang="bn" class="option-label active" data-itext-id="/BirthOutcome/Child_Registration/Child_gender/2:label">&#x9AE;&#x9B9;&#x9BF;&#x9B2;&#x9BE;/&#x9AE;&#x9C7;&#x9DF;&#x9C7;</span><span lang="en" class="option-label " data-itext-id="/BirthOutcome/Child_Registration/Child_gender/2:label">Female</span></label></div></fieldset><span class="or-constraint-msg active" lang="" data-i18n="constraint.invalid">Value not allowed</span><span class="or-required-msg active" lang="" data-i18n="constraint.required">This field is required</span></fieldset><fieldset class="question simple-select "><fieldset><legend><span lang="bn" class="question-label active" data-itext-id="/BirthOutcome/Child_Registration/Child_vital_status:label">&#x9AC;&#x9BE;&#x99A;&#x9CD;&#x99A;&#x9BE;&#x9B0; &#x9AD;&#x9BE;&#x987;&#x99F;&#x9BE;&#x9B2; &#x9B8;&#x9CD;&#x99F;&#x9CD;&#x9AF;&#x9BE;&#x99F;&#x9BE;&#x9B8;</span><span lang="en" class="question-label " data-itext-id="/BirthOutcome/Child_Registration/Child_vital_status:label">Child&#x2019;s vital status</span><span class="required">*</span>
    </legend><div class="option-wrapper"><label class=""><input type="radio" name="/BirthOutcome/Child_Registration/Child_vital_status" data-name="/BirthOutcome/Child_Registration/Child_vital_status" value="0" required="required" data-type-xml="select1"/><span lang="bn" class="option-label active" data-itext-id="/BirthOutcome/Child_Registration/Child_vital_status/0:label">&#x9AE;&#x9BE;&#x9B0;&#x9BE; &#x997;&#x9C7;&#x99B;&#x9C7;</span><span lang="en" class="option-label " data-itext-id="/BirthOutcome/Child_Registration/Child_vital_status/0:label">Deceased</span></label><label class=""><input type="radio" name="/BirthOutcome/Child_Registration/Child_vital_status" data-name="/BirthOutcome/Child_Registration/Child_vital_status" value="1" required="required" data-type-xml="select1"/><span lang="bn" class="option-label active" data-itext-id="/BirthOutcome/Child_Registration/Child_vital_status/1:label">&#x9AC;&#x9C7;&#x981;&#x99A;&#x9C7; &#x986;&#x99B;&#x9C7;</span><span lang="en" class="option-label " data-itext-id="/BirthOutcome/Child_Registration/Child_vital_status/1:label">Alive</span></label><label class=""><input type="radio" name="/BirthOutcome/Child_Registration/Child_vital_status" data-name="/BirthOutcome/Child_Registration/Child_vital_status" value="9" required="required" data-type-xml="select1"/><span lang="bn" class="option-label active" data-itext-id="/BirthOutcome/Child_Registration/Child_vital_status/9:label">&#x99C;&#x9BE;&#x9A8;&#x9BF;&#x9A8;&#x9BE;</span><span lang="en" class="option-label " data-itext-id="/BirthOutcome/Child_Registration/Child_vital_status/9:label">Don't know</span></label></div></fieldset><span class="or-constraint-msg active" lang="" data-i18n="constraint.invalid">Value not allowed</span><span class="or-required-msg active" lang="" data-i18n="constraint.required">This field is required</span></fieldset><fieldset class="question simple-select or-branch pre-init "><fieldset><legend><span lang="bn" class="question-label active" data-itext-id="/BirthOutcome/Child_Registration/Child_name_check:label">&#x9AC;&#x9BE;&#x99A;&#x9CD;&#x99A;&#x9BE;&#x99F;&#x9BF;&#x9B0; &#x995;&#x9BF; &#x995;&#x9CB;&#x9A8; &#x9A8;&#x9BE;&#x9AE; &#x986;&#x99B;&#x9C7;?</span><span lang="en" class="question-label " data-itext-id="/BirthOutcome/Child_Registration/Child_name_check:label">Does the child have a name?</span><span class="required">*</span>
    </legend><div class="option-wrapper"><label class=""><input type="radio" name="/BirthOutcome/Child_Registration/Child_name_check" data-name="/BirthOutcome/Child_Registration/Child_name_check" value="0" required="required" data-relevant=" /BirthOutcome/Child_Registration/Child_vital_status ='1'" data-type-xml="select1"/><span lang="bn" class="option-label active" data-itext-id="/BirthOutcome/Child_Registration/Child_name_check/0:label">&#x98F;&#x996;&#x9A8;&#x9CB; &#x9A8;&#x9BE;</span><span lang="en" class="option-label " data-itext-id="/BirthOutcome/Child_Registration/Child_name_check/0:label">Not yet</span></label><label class=""><input type="radio" name="/BirthOutcome/Child_Registration/Child_name_check" data-name="/BirthOutcome/Child_Registration/Child_name_check" value="1" required="required" data-relevant=" /BirthOutcome/Child_Registration/Child_vital_status ='1'" data-type-xml="select1"/><span lang="bn" class="option-label active" data-itext-id="/BirthOutcome/Child_Registration/Child_name_check/1:label">&#x9B9;&#x9CD;&#x9AF;&#x9BE;&#x981;</span><span lang="en" class="option-label " data-itext-id="/BirthOutcome/Child_Registration/Child_name_check/1:label">Yes</span></label></div></fieldset><span class="or-constraint-msg active" lang="" data-i18n="constraint.invalid">Value not allowed</span><span class="or-required-msg active" lang="" data-i18n="constraint.required">This field is required</span></fieldset><label class="question or-branch pre-init non-select "><span lang="bn" class="question-label active" data-itext-id="/BirthOutcome/Child_Registration/Child_name:label">&#x9AC;&#x9BE;&#x99A;&#x9CD;&#x99A;&#x9BE;&#x9B0; &#x9A8;&#x9BE;&#x9AE;</span><span lang="en" class="question-label " data-itext-id="/BirthOutcome/Child_Registration/Child_name:label">Child Name</span><span class="required">*</span><input type="text" name="/BirthOutcome/Child_Registration/Child_name" required="required" data-relevant=" /BirthOutcome/Child_Registration/Child_name_check ='1'" data-type-xml="string"/><span class="or-constraint-msg active" lang="" data-i18n="constraint.invalid">Value not allowed</span><span class="or-required-msg active" lang="" data-i18n="constraint.required">This field is required</span></label><label class="question or-branch pre-init non-select "><span lang="bn" class="question-label active" data-itext-id="/BirthOutcome/Child_Registration/Child_mother_name:label">&#x9AE;&#x9BE;&#x9DF;&#x9C7;&#x9B0; &#x9A8;&#x9BE;&#x9AE;</span><span lang="en" class="question-label " data-itext-id="/BirthOutcome/Child_Registration/Child_mother_name:label">Mother's Name</span><span class="required">*</span><span lang="bn" class="or-hint active" data-itext-id="/BirthOutcome/Child_Registration/Child_mother_name:hint">-</span><span lang="en" class="or-hint " data-itext-id="/BirthOutcome/Child_Registration/Child_mother_name:hint">Invalid data entered</span><input type="text" name="/BirthOutcome/Child_Registration/Child_mother_name" required="required" data-constraint="regex(., '^[a-zA-Z\s\.\-]{3,25}$')" data-relevant=" /BirthOutcome/Child_Registration/Child_vital_status ='1'" data-type-xml="string"/><span class="or-constraint-msg active" lang="" data-i18n="constraint.invalid">Value not allowed</span><span class="or-required-msg active" lang="" data-i18n="constraint.required">This field is required</span></label><label class="question or-branch pre-init non-select "><span lang="bn" class="question-label active" data-itext-id="/BirthOutcome/Child_Registration/Child_father_name:label">&#x9AC;&#x9BE;&#x9AC;&#x9BE;&#x9B0; &#x9A8;&#x9BE;&#x9AE;</span><span lang="en" class="question-label " data-itext-id="/BirthOutcome/Child_Registration/Child_father_name:label">Father's Name</span><span lang="bn" class="or-hint active" data-itext-id="/BirthOutcome/Child_Registration/Child_father_name:hint">-</span><span lang="en" class="or-hint " data-itext-id="/BirthOutcome/Child_Registration/Child_father_name:hint">Invalid data entered</span><input type="text" name="/BirthOutcome/Child_Registration/Child_father_name" data-constraint="regex(., '^[a-zA-Z\s\.\-]{3,25}$')" data-relevant=" /BirthOutcome/Child_Registration/Child_vital_status ='1'" data-type-xml="string"/><span class="or-constraint-msg active" lang="" data-i18n="constraint.invalid">Value not allowed</span></label><fieldset class="question simple-select or-branch pre-init "><fieldset><legend><span lang="bn" class="question-label active" data-itext-id="/BirthOutcome/Child_Registration/Child_guardian_id:label">&#x985;&#x9AD;&#x9BF;&#x9AD;&#x9BE;&#x9AC;&#x995;&#x9C7;&#x9B0; &#x995;&#x9CB;&#x9A8; &#x9AA;&#x9B0;&#x9BF;&#x99A;&#x9DF; &#x9AA;&#x9A4;&#x9CD;&#x9B0;&#x99F;&#x9BF; &#x986;&#x99B;&#x9C7;?</span><span lang="en" class="question-label " data-itext-id="/BirthOutcome/Child_Registration/Child_guardian_id:label">Which ID card does the guardian have?</span>
    </legend><div class="option-wrapper"><label class=""><input type="radio" name="/BirthOutcome/Child_Registration/Child_guardian_id" data-name="/BirthOutcome/Child_Registration/Child_guardian_id" value="1" data-relevant=" /BirthOutcome/Child_Registration/Child_vital_status ='1'" data-type-xml="select1"/><span lang="bn" class="option-label active" data-itext-id="/BirthOutcome/Child_Registration/Child_guardian_id/1:label">&#x9AE;&#x9BE;&#x9DF;&#x9C7;&#x9B0; &#x99C;&#x9BE;&#x9A4;&#x9C0;&#x9DF; &#x9AA;&#x9B0;&#x9BF;&#x99A;&#x9DF;&#x9AA;&#x9A4;&#x9CD;&#x9B0; &#x9A8;&#x9AE;&#x9CD;&#x9AC;&#x9B0;</span><span lang="en" class="option-label " data-itext-id="/BirthOutcome/Child_Registration/Child_guardian_id/1:label">Mother's NID</span></label><label class=""><input type="radio" name="/BirthOutcome/Child_Registration/Child_guardian_id" data-name="/BirthOutcome/Child_Registration/Child_guardian_id" value="2" data-relevant=" /BirthOutcome/Child_Registration/Child_vital_status ='1'" data-type-xml="select1"/><span lang="bn" class="option-label active" data-itext-id="/BirthOutcome/Child_Registration/Child_guardian_id/2:label">&#x9AE;&#x9BE;&#x9DF;&#x9C7;&#x9B0; &#x99C;&#x9A8;&#x9CD;&#x9AE; &#x9A8;&#x9BF;&#x9AC;&#x9A8;&#x9CD;&#x9A7;&#x9A8; &#x9A8;&#x9AE;&#x9CD;&#x9AC;&#x9B0;</span><span lang="en" class="option-label " data-itext-id="/BirthOutcome/Child_Registration/Child_guardian_id/2:label">Mother's BRID</span></label><label class=""><input type="radio" name="/BirthOutcome/Child_Registration/Child_guardian_id" data-name="/BirthOutcome/Child_Registration/Child_guardian_id" value="3" data-relevant=" /BirthOutcome/Child_Registration/Child_vital_status ='1'" data-type-xml="select1"/><span lang="bn" class="option-label active" data-itext-id="/BirthOutcome/Child_Registration/Child_guardian_id/3:label">&#x9AC;&#x9BE;&#x9AC;&#x9BE;&#x9B0; &#x99C;&#x9BE;&#x9A4;&#x9C0;&#x9DF; &#x9AA;&#x9B0;&#x9BF;&#x99A;&#x9DF;&#x9AA;&#x9A4;&#x9CD;&#x9B0; &#x9A8;&#x9AE;&#x9CD;&#x9AC;&#x9B0;</span><span lang="en" class="option-label " data-itext-id="/BirthOutcome/Child_Registration/Child_guardian_id/3:label">Father's NID</span></label><label class=""><input type="radio" name="/BirthOutcome/Child_Registration/Child_guardian_id" data-name="/BirthOutcome/Child_Registration/Child_guardian_id" value="4" data-relevant=" /BirthOutcome/Child_Registration/Child_vital_status ='1'" data-type-xml="select1"/><span lang="bn" class="option-label active" data-itext-id="/BirthOutcome/Child_Registration/Child_guardian_id/4:label">&#x9AC;&#x9BE;&#x9AC;&#x9BE;&#x9B0; &#x99C;&#x9A8;&#x9CD;&#x9AE; &#x9A8;&#x9BF;&#x9AC;&#x9A8;&#x9CD;&#x9A7;&#x9A8; &#x9A8;&#x9AE;&#x9CD;&#x9AC;&#x9B0;</span><span lang="en" class="option-label " data-itext-id="/BirthOutcome/Child_Registration/Child_guardian_id/4:label">Father's BRID</span></label><label class=""><input type="radio" name="/BirthOutcome/Child_Registration/Child_guardian_id" data-name="/BirthOutcome/Child_Registration/Child_guardian_id" value="5" data-relevant=" /BirthOutcome/Child_Registration/Child_vital_status ='1'" data-type-xml="select1"/><span lang="bn" class="option-label active" data-itext-id="/BirthOutcome/Child_Registration/Child_guardian_id/5:label">&#x985;&#x9A8;&#x9CD;&#x9AF;&#x9BE;&#x9A8;&#x9CD;&#x9AF; &#x985;&#x9AD;&#x9BF;&#x9AD;&#x9BE;&#x9AC;&#x995;&#x9C7;&#x9B0; &#x99C;&#x9BE;&#x9A4;&#x9C0;&#x9DF; &#x9AA;&#x9B0;&#x9BF;&#x99A;&#x9DF;&#x9AA;&#x9A4;&#x9CD;&#x9B0; &#x9A8;&#x9AE;&#x9CD;&#x9AC;&#x9B0;</span><span lang="en" class="option-label " data-itext-id="/BirthOutcome/Child_Registration/Child_guardian_id/5:label">Other Guardian's NID</span></label><label class=""><input type="radio" name="/BirthOutcome/Child_Registration/Child_guardian_id" data-name="/BirthOutcome/Child_Registration/Child_guardian_id" value="6" data-relevant=" /BirthOutcome/Child_Registration/Child_vital_status ='1'" data-type-xml="select1"/><span lang="bn" class="option-label active" data-itext-id="/BirthOutcome/Child_Registration/Child_guardian_id/6:label">&#x985;&#x9A8;&#x9CD;&#x9AF;&#x9BE;&#x9A8;&#x9CD;&#x9AF; &#x985;&#x9AD;&#x9BF;&#x9AD;&#x9BE;&#x9AC;&#x995;&#x9C7;&#x9B0; &#x99C;&#x9A8;&#x9CD;&#x9AE; &#x9A8;&#x9BF;&#x9AC;&#x9A8;&#x9CD;&#x9A7;&#x9A8; &#x9A8;&#x9AE;&#x9CD;&#x9AC;&#x9B0;</span><span lang="en" class="option-label " data-itext-id="/BirthOutcome/Child_Registration/Child_guardian_id/6:label">Other Guardian's BRID</span></label></div></fieldset><span class="or-constraint-msg active" lang="" data-i18n="constraint.invalid">Value not allowed</span></fieldset><label class="question or-branch pre-init non-select or-appearance-numbers "><span lang="bn" class="question-label active" data-itext-id="/BirthOutcome/Child_Registration/Child_Mother_NID:label">&#x9AE;&#x9BE;&#x9DF;&#x9C7;&#x9B0; &#x99C;&#x9BE;&#x9A4;&#x9C0;&#x9DF; &#x9AA;&#x9B0;&#x9BF;&#x99A;&#x9DF;&#x9AA;&#x9A4;&#x9CD;&#x9B0; &#x9A8;&#x9AE;&#x9CD;&#x9AC;&#x9B0;&#x99F;&#x9BF; &#x9B2;&#x9BF;&#x996;&#x9C1;&#x9A8;</span><span lang="en" class="question-label " data-itext-id="/BirthOutcome/Child_Registration/Child_Mother_NID:label">Type NID of the mother</span><span class="required">*</span><span lang="bn" class="or-hint active" data-itext-id="/BirthOutcome/Child_Registration/Child_Mother_NID:hint">&#x99C;&#x9BE;&#x9A4;&#x9C0;&#x9DF; &#x9AA;&#x9B0;&#x9BF;&#x99A;&#x9DF;&#x9AA;&#x9A4;&#x9CD;&#x9B0;&#x9C7; &#x9A6;&#x9C7;&#x993;&#x9DF;&#x9BE; &#x9B8;&#x9B0;&#x995;&#x9BE;&#x9B0;&#x9C0; &#x9A8;&#x9AE;&#x9CD;&#x9AC;&#x9B0; &#x9AF;&#x9C7;&#x9AD;&#x9BE;&#x9AC;&#x9C7; &#x9A6;&#x9C7;&#x993;&#x9DF;&#x9BE; &#x986;&#x99B;&#x9C7; &#x9B8;&#x9C7;&#x9AD;&#x9BE;&#x9AC;&#x9C7;&#x987; &#x987;&#x9A8;&#x9AA;&#x9C1;&#x99F; &#x9A6;&#x9BF;&#x9A8;&#x964;</span><span lang="en" class="or-hint " data-itext-id="/BirthOutcome/Child_Registration/Child_Mother_NID:hint">-</span><input type="text" name="/BirthOutcome/Child_Registration/Child_Mother_NID" required="required" data-constraint="regex(., '^(?!0{13})[0-9]{13}$') or regex(., '^(?!0{17})[0-9]{17}$')" data-relevant="selected( /BirthOutcome/Child_Registration/Child_guardian_id ,'1')" data-type-xml="string"/><span lang="bn" class="or-constraint-msg active" data-itext-id="/BirthOutcome/Child_Registration/Child_Mother_NID:jr:constraintMsg">&#x99C;&#x9BE;&#x9A4;&#x9C0;&#x9DF; &#x9AA;&#x9B0;&#x9BF;&#x99A;&#x9DF;&#x9AA;&#x9A4;&#x9CD;&#x9B0; &#x9A8;&#x982; 13 &#x985;&#x9A5;&#x9AC;&#x9BE; 17 &#x9A1;&#x9BF;&#x99C;&#x9BF;&#x99F;&#x9C7;&#x9B0; &#x9B9;&#x9AC;&#x9C7;</span><span lang="en" class="or-constraint-msg " data-itext-id="/BirthOutcome/Child_Registration/Child_Mother_NID:jr:constraintMsg">-</span><span class="or-required-msg active" lang="" data-i18n="constraint.required">This field is required</span></label><label class="question or-branch pre-init non-select "><span lang="bn" class="question-label active" data-itext-id="/BirthOutcome/Child_Registration/Child_Mother_BRID:label">&#x9AE;&#x9BE;&#x9DF;&#x9C7;&#x9B0; &#x99C;&#x9A8;&#x9CD;&#x9AE; &#x9A8;&#x9BF;&#x9AC;&#x9A8;&#x9CD;&#x9A7;&#x9A8; &#x9B8;&#x9A8;&#x9A6;&#x9AA;&#x9A4;&#x9CD;&#x9B0; &#x9A8;&#x9AE;&#x9CD;&#x9AC;&#x9B0;&#x99F;&#x9BF; &#x9B2;&#x9BF;&#x996;&#x9C1;&#x9A8;</span><span lang="en" class="question-label " data-itext-id="/BirthOutcome/Child_Registration/Child_Mother_BRID:label">Type BRID of the mother</span><span lang="bn" class="or-hint active" data-itext-id="/BirthOutcome/Child_Registration/Child_Mother_BRID:hint">&#x99C;&#x9A8;&#x9CD;&#x9AE; &#x9A8;&#x9BF;&#x9AC;&#x9A8;&#x9CD;&#x9A7;&#x9A8; &#x9B8;&#x9A8;&#x9A6;&#x9AA;&#x9A4;&#x9CD;&#x9B0;&#x9C7;&#x9B0; &#x9B8;&#x9B0;&#x995;&#x9BE;&#x9B0;&#x9C0; &#x9A8;&#x9AE;&#x9CD;&#x9AC;&#x9B0; &#x9AF;&#x9C7;&#x9AD;&#x9BE;&#x9AC;&#x9C7; &#x9A6;&#x9C7;&#x993;&#x9DF;&#x9BE; &#x986;&#x99B;&#x9C7; &#x9B8;&#x9C7;&#x9AD;&#x9BE;&#x9AC;&#x9C7;&#x987; &#x987;&#x9A8;&#x9AA;&#x9C1;&#x99F; &#x9A6;&#x9BF;&#x9A8;&#x964;</span><span lang="en" class="or-hint " data-itext-id="/BirthOutcome/Child_Registration/Child_Mother_BRID:hint">-</span><input type="text" name="/BirthOutcome/Child_Registration/Child_Mother_BRID" data-relevant="selected( /BirthOutcome/Child_Registration/Child_guardian_id ,'2')" data-type-xml="string"/><span lang="bn" class="or-constraint-msg active" data-itext-id="/BirthOutcome/Child_Registration/Child_Mother_BRID:jr:constraintMsg">&#x99C;&#x9A8;&#x9CD;&#x9AE; &#x9A8;&#x9BF;&#x9AC;&#x9A8;&#x9CD;&#x9A7;&#x9A8; &#x9B8;&#x9A8;&#x9A6; &#x9A8;&#x982; 17 &#x9A1;&#x9BF;&#x99C;&#x9BF;&#x99F;&#x9C7;&#x9B0; &#x9B9;&#x9AC;&#x9C7;</span><span lang="en" class="or-constraint-msg " data-itext-id="/BirthOutcome/Child_Registration/Child_Mother_BRID:jr:constraintMsg">-</span></label><label class="question or-branch pre-init non-select or-appearance-numbers "><span lang="bn" class="question-label active" data-itext-id="/BirthOutcome/Child_Registration/Child_Father_NID:label">&#x9AC;&#x9BE;&#x9AC;&#x9BE;&#x9B0; &#x99C;&#x9BE;&#x9A4;&#x9C0;&#x9DF; &#x9AA;&#x9B0;&#x9BF;&#x99A;&#x9DF;&#x9AA;&#x9A4;&#x9CD;&#x9B0; &#x9A8;&#x9AE;&#x9CD;&#x9AC;&#x9B0;&#x99F;&#x9BF; &#x9B2;&#x9BF;&#x996;&#x9C1;&#x9A8;</span><span lang="en" class="question-label " data-itext-id="/BirthOutcome/Child_Registration/Child_Father_NID:label">Type NID of the father</span><span class="required">*</span><span lang="bn" class="or-hint active" data-itext-id="/BirthOutcome/Child_Registration/Child_Father_NID:hint">&#x99C;&#x9BE;&#x9A4;&#x9C0;&#x9DF; &#x9AA;&#x9B0;&#x9BF;&#x99A;&#x9DF;&#x9AA;&#x9A4;&#x9CD;&#x9B0;&#x9C7; &#x9A6;&#x9C7;&#x993;&#x9DF;&#x9BE; &#x9B8;&#x9B0;&#x995;&#x9BE;&#x9B0;&#x9C0; &#x9A8;&#x9AE;&#x9CD;&#x9AC;&#x9B0; &#x9AF;&#x9C7;&#x9AD;&#x9BE;&#x9AC;&#x9C7; &#x9A6;&#x9C7;&#x993;&#x9DF;&#x9BE; &#x986;&#x99B;&#x9C7; &#x9B8;&#x9C7;&#x9AD;&#x9BE;&#x9AC;&#x9C7;&#x987; &#x987;&#x9A8;&#x9AA;&#x9C1;&#x99F; &#x9A6;&#x9BF;&#x9A8;&#x964;</span><span lang="en" class="or-hint " data-itext-id="/BirthOutcome/Child_Registration/Child_Father_NID:hint">-</span><input type="text" name="/BirthOutcome/Child_Registration/Child_Father_NID" required="required" data-constraint="regex(., '^(?!0{13})[0-9]{13}$') or regex(., '^(?!0{17})[0-9]{17}$')" data-relevant="selected( /BirthOutcome/Child_Registration/Child_guardian_id ,'3')" data-type-xml="string"/><span lang="bn" class="or-constraint-msg active" data-itext-id="/BirthOutcome/Child_Registration/Child_Father_NID:jr:constraintMsg">&#x99C;&#x9BE;&#x9A4;&#x9C0;&#x9DF; &#x9AA;&#x9B0;&#x9BF;&#x99A;&#x9DF;&#x9AA;&#x9A4;&#x9CD;&#x9B0; &#x9A8;&#x982; 13 &#x985;&#x9A5;&#x9AC;&#x9BE; 17 &#x9A1;&#x9BF;&#x99C;&#x9BF;&#x99F;&#x9C7;&#x9B0; &#x9B9;&#x9AC;&#x9C7;</span><span lang="en" class="or-constraint-msg " data-itext-id="/BirthOutcome/Child_Registration/Child_Father_NID:jr:constraintMsg">-</span><span class="or-required-msg active" lang="" data-i18n="constraint.required">This field is required</span></label><label class="question or-branch pre-init non-select "><span lang="bn" class="question-label active" data-itext-id="/BirthOutcome/Child_Registration/Child_Father_BRID:label">&#x9AC;&#x9BE;&#x9AC;&#x9BE;&#x9B0; &#x99C;&#x9A8;&#x9CD;&#x9AE; &#x9A8;&#x9BF;&#x9AC;&#x9A8;&#x9CD;&#x9A7;&#x9A8; &#x9B8;&#x9A8;&#x9A6;&#x9AA;&#x9A4;&#x9CD;&#x9B0; &#x9A8;&#x9AE;&#x9CD;&#x9AC;&#x9B0;&#x99F;&#x9BF; &#x9B2;&#x9BF;&#x996;&#x9C1;&#x9A8;</span><span lang="en" class="question-label " data-itext-id="/BirthOutcome/Child_Registration/Child_Father_BRID:label">Type BRID of the father</span><span lang="bn" class="or-hint active" data-itext-id="/BirthOutcome/Child_Registration/Child_Father_BRID:hint">&#x99C;&#x9A8;&#x9CD;&#x9AE; &#x9A8;&#x9BF;&#x9AC;&#x9A8;&#x9CD;&#x9A7;&#x9A8; &#x9B8;&#x9A8;&#x9A6;&#x9AA;&#x9A4;&#x9CD;&#x9B0;&#x9C7;&#x9B0; &#x9B8;&#x9B0;&#x995;&#x9BE;&#x9B0;&#x9C0; &#x9A8;&#x9AE;&#x9CD;&#x9AC;&#x9B0; &#x9AF;&#x9C7;&#x9AD;&#x9BE;&#x9AC;&#x9C7; &#x9A6;&#x9C7;&#x993;&#x9DF;&#x9BE; &#x986;&#x99B;&#x9C7; &#x9B8;&#x9C7;&#x9AD;&#x9BE;&#x9AC;&#x9C7;&#x987; &#x987;&#x9A8;&#x9AA;&#x9C1;&#x99F; &#x9A6;&#x9BF;&#x9A8;&#x964;</span><span lang="en" class="or-hint " data-itext-id="/BirthOutcome/Child_Registration/Child_Father_BRID:hint">-</span><input type="text" name="/BirthOutcome/Child_Registration/Child_Father_BRID" data-relevant="selected( /BirthOutcome/Child_Registration/Child_guardian_id ,'4')" data-type-xml="string"/><span lang="bn" class="or-constraint-msg active" data-itext-id="/BirthOutcome/Child_Registration/Child_Father_BRID:jr:constraintMsg">&#x99C;&#x9A8;&#x9CD;&#x9AE; &#x9A8;&#x9BF;&#x9AC;&#x9A8;&#x9CD;&#x9A7;&#x9A8; &#x9B8;&#x9A8;&#x9A6; &#x9A8;&#x982; 17 &#x9A1;&#x9BF;&#x99C;&#x9BF;&#x99F;&#x9C7;&#x9B0; &#x9B9;&#x9AC;&#x9C7;</span><span lang="en" class="or-constraint-msg " data-itext-id="/BirthOutcome/Child_Registration/Child_Father_BRID:jr:constraintMsg">-</span></label><label class="question or-branch pre-init non-select or-appearance-numbers "><span lang="bn" class="question-label active" data-itext-id="/BirthOutcome/Child_Registration/Child_Other_Guardian_NID:label">&#x985;&#x9A8;&#x9CD;&#x9AF;&#x9BE;&#x9A8;&#x9CD;&#x9AF; &#x985;&#x9AD;&#x9BF;&#x9AD;&#x9BE;&#x9AC;&#x995;&#x9C7;&#x9B0; &#x99C;&#x9BE;&#x9A4;&#x9C0;&#x9DF; &#x9AA;&#x9B0;&#x9BF;&#x99A;&#x9DF;&#x9AA;&#x9A4;&#x9CD;&#x9B0; &#x9A8;&#x9AE;&#x9CD;&#x9AC;&#x9B0;&#x99F;&#x9BF; &#x9B2;&#x9BF;&#x996;&#x9C1;&#x9A8;</span><span lang="en" class="question-label " data-itext-id="/BirthOutcome/Child_Registration/Child_Other_Guardian_NID:label">Type NID of the guardian</span><span class="required">*</span><span lang="bn" class="or-hint active" data-itext-id="/BirthOutcome/Child_Registration/Child_Other_Guardian_NID:hint">&#x99C;&#x9BE;&#x9A4;&#x9C0;&#x9DF; &#x9AA;&#x9B0;&#x9BF;&#x99A;&#x9DF;&#x9AA;&#x9A4;&#x9CD;&#x9B0;&#x9C7; &#x9A6;&#x9C7;&#x993;&#x9DF;&#x9BE; &#x9B8;&#x9B0;&#x995;&#x9BE;&#x9B0;&#x9C0; &#x9A8;&#x9AE;&#x9CD;&#x9AC;&#x9B0; &#x9AF;&#x9C7;&#x9AD;&#x9BE;&#x9AC;&#x9C7; &#x9A6;&#x9C7;&#x993;&#x9DF;&#x9BE; &#x986;&#x99B;&#x9C7; &#x9B8;&#x9C7;&#x9AD;&#x9BE;&#x9AC;&#x9C7;&#x987; &#x987;&#x9A8;&#x9AA;&#x9C1;&#x99F; &#x9A6;&#x9BF;&#x9A8;&#x964;</span><span lang="en" class="or-hint " data-itext-id="/BirthOutcome/Child_Registration/Child_Other_Guardian_NID:hint">-</span><input type="text" name="/BirthOutcome/Child_Registration/Child_Other_Guardian_NID" required="required" data-constraint="regex(., '^(?!0{13})[0-9]{13}$') or regex(., '^(?!0{17})[0-9]{17}$')" data-relevant="selected( /BirthOutcome/Child_Registration/Child_guardian_id ,'5')" data-type-xml="string"/><span lang="bn" class="or-constraint-msg active" data-itext-id="/BirthOutcome/Child_Registration/Child_Other_Guardian_NID:jr:constraintMsg">&#x99C;&#x9BE;&#x9A4;&#x9C0;&#x9DF; &#x9AA;&#x9B0;&#x9BF;&#x99A;&#x9DF;&#x9AA;&#x9A4;&#x9CD;&#x9B0; &#x9A8;&#x982; 13 &#x985;&#x9A5;&#x9AC;&#x9BE; 17 &#x9A1;&#x9BF;&#x99C;&#x9BF;&#x99F;&#x9C7;&#x9B0; &#x9B9;&#x9AC;&#x9C7;</span><span lang="en" class="or-constraint-msg " data-itext-id="/BirthOutcome/Child_Registration/Child_Other_Guardian_NID:jr:constraintMsg">-</span><span class="or-required-msg active" lang="" data-i18n="constraint.required">This field is required</span></label><label class="question or-branch pre-init non-select "><span lang="bn" class="question-label active" data-itext-id="/BirthOutcome/Child_Registration/Child_Other_Guardian_BRID:label">&#x985;&#x9A8;&#x9CD;&#x9AF;&#x9BE;&#x9A8;&#x9CD;&#x9AF; &#x985;&#x9AD;&#x9BF;&#x9AD;&#x9BE;&#x9AC;&#x995;&#x9C7;&#x9B0; &#x99C;&#x9A8;&#x9CD;&#x9AE; &#x9A8;&#x9BF;&#x9AC;&#x9A8;&#x9CD;&#x9A7;&#x9A8; &#x9B8;&#x9A8;&#x9A6;&#x9AA;&#x9A4;&#x9CD;&#x9B0; &#x9A8;&#x9AE;&#x9CD;&#x9AC;&#x9B0;&#x99F;&#x9BF; &#x9B2;&#x9BF;&#x996;&#x9C1;&#x9A8;</span><span lang="en" class="question-label " data-itext-id="/BirthOutcome/Child_Registration/Child_Other_Guardian_BRID:label">Type BRID of the guardian</span><span lang="bn" class="or-hint active" data-itext-id="/BirthOutcome/Child_Registration/Child_Other_Guardian_BRID:hint">&#x99C;&#x9A8;&#x9CD;&#x9AE; &#x9A8;&#x9BF;&#x9AC;&#x9A8;&#x9CD;&#x9A7;&#x9A8; &#x9B8;&#x9A8;&#x9A6;&#x9AA;&#x9A4;&#x9CD;&#x9B0;&#x9C7;&#x9B0; &#x9B8;&#x9B0;&#x995;&#x9BE;&#x9B0;&#x9C0; &#x9A8;&#x9AE;&#x9CD;&#x9AC;&#x9B0; &#x9AF;&#x9C7;&#x9AD;&#x9BE;&#x9AC;&#x9C7; &#x9A6;&#x9C7;&#x993;&#x9DF;&#x9BE; &#x986;&#x99B;&#x9C7; &#x9B8;&#x9C7;&#x9AD;&#x9BE;&#x9AC;&#x9C7;&#x987; &#x987;&#x9A8;&#x9AA;&#x9C1;&#x99F; &#x9A6;&#x9BF;&#x9A8;&#x964;</span><span lang="en" class="or-hint " data-itext-id="/BirthOutcome/Child_Registration/Child_Other_Guardian_BRID:hint">-</span><input type="text" name="/BirthOutcome/Child_Registration/Child_Other_Guardian_BRID" data-relevant="selected( /BirthOutcome/Child_Registration/Child_guardian_id ,'6')" data-type-xml="string"/><span lang="bn" class="or-constraint-msg active" data-itext-id="/BirthOutcome/Child_Registration/Child_Other_Guardian_BRID:jr:constraintMsg">&#x99C;&#x9A8;&#x9CD;&#x9AE; &#x9A8;&#x9BF;&#x9AC;&#x9A8;&#x9CD;&#x9A7;&#x9A8; &#x9B8;&#x9A8;&#x9A6; &#x9A8;&#x982; 17 &#x9A1;&#x9BF;&#x99C;&#x9BF;&#x99F;&#x9C7;&#x9B0; &#x9B9;&#x9AC;&#x9C7;</span><span lang="en" class="or-constraint-msg " data-itext-id="/BirthOutcome/Child_Registration/Child_Other_Guardian_BRID:jr:constraintMsg">-</span></label><label class="question or-branch pre-init non-select "><span lang="bn" class="question-label active" data-itext-id="/BirthOutcome/Child_Registration/epi_card_number:label">&#x987; &#x9AA;&#x9BF; &#x986;&#x987; &#x995;&#x9BE;&#x9B0;&#x9CD;&#x9A1; &#x9A8;&#x9AE;&#x9CD;&#x9AC;&#x9B0;</span><span lang="en" class="question-label " data-itext-id="/BirthOutcome/Child_Registration/epi_card_number:label">EPI Card Number</span><span class="required">*</span><span lang="bn" class="or-hint active" data-itext-id="/BirthOutcome/Child_Registration/epi_card_number:hint">Number should be 8 digits</span><span lang="en" class="or-hint " data-itext-id="/BirthOutcome/Child_Registration/epi_card_number:hint">-</span><input type="number" name="/BirthOutcome/Child_Registration/epi_card_number" required="required" data-constraint="string-length(.) = 8" data-relevant=" /BirthOutcome/Child_Registration/Child_vital_status ='1'" data-type-xml="int"/><span lang="bn" class="or-constraint-msg active" data-itext-id="/BirthOutcome/Child_Registration/epi_card_number:jr:constraintMsg">Number should be 8 digits</span><span lang="en" class="or-constraint-msg " data-itext-id="/BirthOutcome/Child_Registration/epi_card_number:jr:constraintMsg">-</span><span class="or-required-msg active" lang="" data-i18n="constraint.required">This field is required</span></label><fieldset class="question simple-select or-branch pre-init "><fieldset><legend><span lang="bn" class="question-label active" data-itext-id="/BirthOutcome/Child_Registration/child_was_suffering_from_a_disease_at_birth:label">&#x9B6;&#x9BF;&#x9B6;&#x9C1;&#x99F;&#x9BF; &#x995;&#x9BF; &#x99C;&#x9A8;&#x9CD;&#x9AE;&#x9C7;&#x9B0; &#x9AA;&#x9B0; &#x9A5;&#x9C7;&#x995;&#x9C7;&#x987; &#x995;&#x9CB;&#x9A8; &#x985;&#x9B8;&#x9C1;&#x996;&#x9C7; &#x9AD;&#x9C1;&#x997;&#x99B;&#x9C7;?</span><span lang="en" class="question-label " data-itext-id="/BirthOutcome/Child_Registration/child_was_suffering_from_a_disease_at_birth:label">Was the child suffering from a disease at birth?</span><span class="required">*</span>
    </legend><div class="option-wrapper"><label class=""><input type="radio" name="/BirthOutcome/Child_Registration/child_was_suffering_from_a_disease_at_birth" data-name="/BirthOutcome/Child_Registration/child_was_suffering_from_a_disease_at_birth" value="yes" required="required" data-relevant=" /BirthOutcome/Child_Registration/Child_vital_status ='1'" data-type-xml="select1"/><span lang="bn" class="option-label active" data-itext-id="/BirthOutcome/Child_Registration/child_was_suffering_from_a_disease_at_birth/yes:label">&#x9B9;&#x9CD;&#x9AF;&#x9BE;&#x981;</span><span lang="en" class="option-label " data-itext-id="/BirthOutcome/Child_Registration/child_was_suffering_from_a_disease_at_birth/yes:label">Yes</span></label><label class=""><input type="radio" name="/BirthOutcome/Child_Registration/child_was_suffering_from_a_disease_at_birth" data-name="/BirthOutcome/Child_Registration/child_was_suffering_from_a_disease_at_birth" value="no" required="required" data-relevant=" /BirthOutcome/Child_Registration/Child_vital_status ='1'" data-type-xml="select1"/><span lang="bn" class="option-label active" data-itext-id="/BirthOutcome/Child_Registration/child_was_suffering_from_a_disease_at_birth/no:label">&#x9A8;&#x9BE;</span><span lang="en" class="option-label " data-itext-id="/BirthOutcome/Child_Registration/child_was_suffering_from_a_disease_at_birth/no:label">No</span></label></div></fieldset><span class="or-constraint-msg active" lang="" data-i18n="constraint.invalid">Value not allowed</span><span class="or-required-msg active" lang="" data-i18n="constraint.required">This field is required</span></fieldset><label class="question or-branch pre-init non-select "><span lang="bn" class="question-label active" data-itext-id="/BirthOutcome/Child_Registration/contact_phone_number:label">&#x9AE;&#x9CB;&#x9AC;&#x9BE;&#x987;&#x9B2; &#x9A8;&#x9AE;&#x9CD;&#x9AC;&#x9B0;&#x983;</span><span lang="en" class="question-label " data-itext-id="/BirthOutcome/Child_Registration/contact_phone_number:label">Mobile Number:</span><input type="text" name="/BirthOutcome/Child_Registration/contact_phone_number" data-constraint="regex(., '^(?!0{11})[0-9]{11}$')" data-relevant=" /BirthOutcome/Child_Registration/Child_vital_status ='1'" data-type-xml="string"/><span class="or-constraint-msg active" lang="" data-i18n="constraint.invalid">Value not allowed</span></label><label class="note non-select "><span lang="bn" class="question-label active" data-itext-id="/BirthOutcome/Child_Registration/add_child:label">&#x9AF;&#x9A6;&#x9BF; &#x99C;&#x9C0;&#x9AC;&#x9BF;&#x9A4; &#x9AC;&#x9BE;&#x99A;&#x9CD;&#x99A;&#x9BE;&#x9B0; &#x9B8;&#x982;&#x996;&#x9CD;&#x9AF;&#x9BE; &#x98F;&#x995;&#x9C7;&#x9B0; &#x9AC;&#x9C7;&#x9B6;&#x9BF; &#x9B9;&#x9DF;, &#x9A4;&#x9BE;&#x9B9;&#x9B2;&#x9C7; '+' &#x985;&#x9AA;&#x9B6;&#x9A8;&#x99F;&#x9BF; &#x9A8;&#x9BF;&#x9B0;&#x9CD;&#x9AC;&#x9BE;&#x99A;&#x9A8; &#x995;&#x9B0;&#x9C1;&#x9A8; &#x98F;&#x9AC;&#x982; &#x98F;&#x995;&#x987; &#x9AA;&#x9CD;&#x9B0;&#x995;&#x9CD;&#x9B0;&#x9BF;&#x9DF;&#x9BE;&#x9DF; &#x9AA;&#x9B0;&#x9AC;&#x9B0;&#x9CD;&#x9A4;&#x9C0; &#x9AC;&#x9BE;&#x99A;&#x9CD;&#x99A;&#x9BE;&#x995;&#x9C7; &#x9A8;&#x9BF;&#x9AC;&#x9A8;&#x9CD;&#x9A7;&#x9A8; &#x995;&#x9B0;&#x9C1;&#x9A8;</span><span lang="en" class="question-label " data-itext-id="/BirthOutcome/Child_Registration/add_child:label">If there were any additional children born of this pregnancy, select the "+" below to register the next child's vital status.</span><input type="text" name="/BirthOutcome/Child_Registration/add_child" data-type-xml="string" readonly="readonly"/></label>
    </section><!--end of repeat fieldset with name /BirthOutcome/Child_Registration-->
    </section><!--end of group -->

    <fieldset id="or-preload-items" style="display:none;"><label class="calculation non-select "><input type="hidden" name="/BirthOutcome/today" data-preload="date" data-preload-params="today" data-type-xml="date"/></label><label class="calculation non-select "><input type="hidden" name="/BirthOutcome/start" data-preload="timestamp" data-preload-params="start" data-type-xml="dateTime"/></label><label class="calculation non-select "><input type="hidden" name="/BirthOutcome/end" data-preload="timestamp" data-preload-params="end" data-type-xml="dateTime"/></label></fieldset><fieldset id="or-calculated-items" style="display:none;"><label class="calculation non-select "><input type="hidden" name="/BirthOutcome/Child_Registration/Member_COUNTRY" data-calculate=" /BirthOutcome/existing_COUNTRY " data-type-xml="string"/></label><label class="calculation non-select "><input type="hidden" name="/BirthOutcome/Child_Registration/Member_DIVISION" data-calculate=" /BirthOutcome/existing_DIVISION " data-type-xml="string"/></label><label class="calculation non-select "><input type="hidden" name="/BirthOutcome/Child_Registration/Member_DISTRICT" data-calculate=" /BirthOutcome/existing_DISTRICT " data-type-xml="string"/></label><label class="calculation non-select "><input type="hidden" name="/BirthOutcome/Child_Registration/Member_UPAZILLA" data-calculate=" /BirthOutcome/existing_UPAZILLA " data-type-xml="string"/></label><label class="calculation non-select "><input type="hidden" name="/BirthOutcome/Child_Registration/Member_Paurasava" data-calculate=" /BirthOutcome/existing_Paurasava " data-type-xml="string"/></label><label class="calculation non-select "><input type="hidden" name="/BirthOutcome/Child_Registration/Member_UNION" data-calculate=" /BirthOutcome/existing_UNION " data-type-xml="string"/></label><label class="calculation non-select "><input type="hidden" name="/BirthOutcome/Child_Registration/Member_WARD" data-calculate=" /BirthOutcome/existing_WARD " data-type-xml="string"/></label><label class="calculation non-select "><input type="hidden" name="/BirthOutcome/Child_Registration/Member_BLOCK" data-calculate=" /BirthOutcome/existing_BLOCK " data-type-xml="string"/></label><label class="calculation non-select "><input type="hidden" name="/BirthOutcome/Child_Registration/Member_Address_line" data-calculate=" /BirthOutcome/existing_Address_line " data-type-xml="string"/></label><label class="calculation non-select "><input type="hidden" name="/BirthOutcome/Child_Registration/Member_HIE_facilities" data-calculate=" /BirthOutcome/existing_HIE_facilities " data-type-xml="string"/></label><label class="calculation non-select "><input type="hidden" name="/BirthOutcome/Child_Registration/Child_dob" data-calculate="format-date(( /BirthOutcome/existing_doo ), '%Y-%m-%d')" data-type-xml="string"/></label><label class="calculation non-select "><input type="hidden" name="/BirthOutcome/Child_Registration/Child_age_days" data-calculate="int(( /BirthOutcome/today  -  /BirthOutcome/Child_Registration/Child_dob ) )" data-type-xml="string"/></label><label class="calculation non-select "><input type="hidden" name="/BirthOutcome/Child_Registration/Child_last_name" data-relevant=" /BirthOutcome/Child_Registration/Child_vital_status ='1'" data-calculate="&quot;.&quot;" data-type-xml="string"/></label><label class="calculation non-select "><input type="hidden" name="/BirthOutcome/Child_Registration/Child_name_calc" data-relevant=" /BirthOutcome/Child_Registration/Child_vital_status ='1'" data-calculate="if(( /BirthOutcome/Child_Registration/Child_name_check ='0' and  /BirthOutcome/Child_Registration/Child_gender  ='1'), 'BABYBOY', if( /BirthOutcome/Child_Registration/Child_name_check ='1',  /BirthOutcome/Child_Registration/Child_name , if(( /BirthOutcome/Child_Registration/Child_name_check ='0' and  /BirthOutcome/Child_Registration/Child_gender  ='2'), 'BABYGIRL', 'BABY')))" data-type-xml="string"/></label><label class="calculation non-select "><input type="hidden" name="/BirthOutcome/Child_Registration/Is_Reg_Today" data-calculate="&quot;1&quot;" data-type-xml="string"/></label><label class="calculation non-select "><input type="hidden" name="/BirthOutcome/Child_Registration/Is_child" data-calculate="if(selected( /BirthOutcome/Child_Registration/Child_vital_status ,'1'),'1','0')" data-type-xml="string"/></label><label class="calculation non-select "><input type="hidden" name="/BirthOutcome/meta/instanceID" data-calculate="concat('uuid:', uuid())" data-type-xml="string"/></label><label class="calculation non-select "><input type="hidden" name="/BirthOutcome/formhub/uuid" data-calculate="'369cf72ba9f5450ea2f0c5fbfc5f42ec'" data-type-xml="string"/></label></fieldset></form><xsltmessages><message level="0">XML to HTML transformation for form took 0.1 seconds</message></xsltmessages><jrvalidationmessages><message level="1">This validation is yet not functional.</message></jrvalidationmessages><xmlerrors/><xslformerrors/><xsldataerrors/></root>
