{
  "form_data_definition_version": "1",
  "form": {
    "default_bind_path": "/model/instance/BirthOutcome",
    "bind_type": "household",
    "fields": [
      {
        "name": "id",
        "shouldLoadValue": true
      },
      {
        "name": "today",
        "bind": "/model/instance/BirthOutcome/today"
      },
      {
        "name": "start",
        "bind": "/model/instance/BirthOutcome/start"
      },
      {
        "name": "end",
        "bind": "/model/instance/BirthOutcome/end"
      },
      {
        "name": "existing_location",
        "bind": "/model/instance/BirthOutcome/existing_location"
      },
      {
        "name": "existing_Country",
        "bind": "/model/instance/BirthOutcome/existing_COUNTRY",
        "shouldLoadValue": true
      },
      {
        "name": "existing_Division",
        "bind": "/model/instance/BirthOutcome/existing_DIVISION",
        "shouldLoadValue": true
      },
      {
        "name": "existing_District",
        "bind": "/model/instance/BirthOutcome/existing_DISTRICT",
        "shouldLoadValue": true
      },
      {
        "name": "existing_Upazilla",
        "bind": "/model/instance/BirthOutcome/existing_UPAZILLA",
        "shouldLoadValue": true
      },
      {
        "name": "existing_Paurasava",
        "bind": "/model/instance/BirthOutcome/existing_Paurasava",
        "shouldLoadValue": true
      },
      {
        "name": "existing_Union",
        "bind": "/model/instance/BirthOutcome/existing_UNION",
        "shouldLoadValue": true
      },
      {
        "name": "WARD",
        "bind": "/model/instance/BirthOutcome/existing_WARD",
        "shouldLoadValue": true
      },
      {
        "name": "BLOCK",
        "bind": "/model/instance/BirthOutcome/existing_BLOCK",
        "shouldLoadValue": true
      },
      {
        "name": "ADDRESS_LINE",
        "bind": "/model/instance/BirthOutcome/existing_Address_line",
        "shouldLoadValue": true
      },
      {
        "name": "existing_HIE_facilities",
        "bind": "/model/instance/BirthOutcome/existing_HIE_facilities",
        "shouldLoadValue": true
      },
      {
        "name": "GPS",
        "bind": "/model/instance/BirthOutcome/existing_gps",
        "shouldLoadValue": true
      },
      {
        "name": "existing_doo",
        "bind": "/model/instance/BirthOutcome/existing_doo"
      },
      {
        "name": "HH_Address",
        "bind": "/model/instance/BirthOutcome/HH_Address"
      },
      {
        "name": "Interview_date",
        "bind": "/model/instance/BirthOutcome/Interview_date"
      },
      {
        "name": "outcome_current_formStatus",
        "bind": "/model/instance/BirthOutcome/outcome_current_formStatus"
      },
      {
        "name": "current_woman_id",
        "bind": "/model/instance/BirthOutcome/current_woman_id"
      }
    ],
    "sub_forms": [
      {
        "name": "member_registration",
        "bind_type": "members",
        "default_bind_path": "/model/instance/BirthOutcome/Child_Registration",
        "fields": [
          {
            "name": "id"
          },
          {
            "name": "relationalid"
          },
          {
            "name": "Member_COUNTRY",
            "bind": "/model/instance/BirthOutcome/Child_Registration/Member_COUNTRY"
          },
          {
            "name": "Member_DIVISION",
            "bind": "/model/instance/BirthOutcome/Child_Registration/Member_DIVISION"
          },
          {
            "name": "Member_DISTRICT",
            "bind": "/model/instance/BirthOutcome/Child_Registration/Member_DISTRICT"
          },
          {
            "name": "Member_UPAZILLA",
            "bind": "/model/instance/BirthOutcome/Child_Registration/Member_UPAZILLA"
          },
          {
            "name": "Member_Paurasava",
            "bind": "/model/instance/BirthOutcome/Child_Registration/Member_Paurasava"
          },
          {
            "name": "Member_UNION",
            "bind": "/model/instance/BirthOutcome/Child_Registration/Member_UNION"
          },
          {
            "name": "Member_WARD",
            "bind": "/model/instance/BirthOutcome/Child_Registration/Member_WARD"
          },
          {
            "name": "Member_BLOCK",
            "bind": "/model/instance/BirthOutcome/Child_Registration/Member_BLOCK"
          },
          {
            "name": "Member_Address_line",
            "bind": "/model/instance/BirthOutcome/Child_Registration/Member_Address_line"
          },
          {
            "name": "Member_HIE_facilities",
            "bind": "/model/instance/BirthOutcome/Child_Registration/Member_HIE_facilities"
          },
          {
            "name": "Member_Reg_Date",
            "bind": "/model/instance/BirthOutcome/Child_Registration/Interview_date"
          },
          {
            "name": "HH_Address",
            "bind": "/model/instance/BirthOutcome/Child_Registration/HH_Address"
          },
          {
            "name": "Reg_No",
            "bind": "/model/instance/BirthOutcome/Child_Registration/Reg_No"
          },
          {
            "name": "Member_Unique_ID",
            "bind": "/model/instance/BirthOutcome/Child_Registration/Member_Unique_ID"
          },
          {
            "name": "Member_BRID",
            "bind": "/model/instance/BirthOutcome/Child_Registration/Member_BRID"
          },
          {
            "name": "Member_HID",
            "bind": "/model/instance/BirthOutcome/Child_Registration/Member_HID"
          },
          {
            "name": "Child_dob",
            "bind": "/model/instance/BirthOutcome/Child_Registration/Child_dob"
          },
          {
            "name": "Child_age_days",
            "bind": "/model/instance/BirthOutcome/Child_Registration/Child_age_days"
          },
          {
            "name": "Child_birth_date_note",
            "bind": "/model/instance/BirthOutcome/Child_Registration/Child_birth_date_note"
          },
          {
            "name": "Birth_Weigtht",
            "bind": "/model/instance/BirthOutcome/Child_Registration/Birth_Weigtht"
          },
          {
            "name": "Newborn_Care_Received",
            "bind": "/model/instance/BirthOutcome/Child_Registration/Newborn_Care_Received"
          },
          {
            "name": "Child_gender",
            "bind": "/model/instance/BirthOutcome/Child_Registration/Child_gender"
          },
          {
            "name": "Child_vital_status",
            "bind": "/model/instance/BirthOutcome/Child_Registration/Child_vital_status"
          },
          {
            "name": "Child_name_check",
            "bind": "/model/instance/BirthOutcome/Child_Registration/Child_name_check"
          },
          {
            "name": "Child_name",
            "bind": "/model/instance/BirthOutcome/Child_Registration/Child_name"
          },
          {
            "name": "Child_last_name",
            "bind": "/model/instance/BirthOutcome/Child_Registration/Child_last_name"
          },
          {
            "name": "Member_Fname",
            "bind": "/model/instance/BirthOutcome/Child_Registration/Child_name_calc"
          },
          {
            "name": "Child_mother_name",
            "bind": "/model/instance/BirthOutcome/Child_Registration/Child_mother_name"
          },
          {
            "name": "Child_father_name",
            "bind": "/model/instance/BirthOutcome/Child_Registration/Child_father_name"
          },
          {
            "name": "Child_guardian_id",
            "bind": "/model/instance/BirthOutcome/Child_Registration/Child_guardian_id"
          },
          {
            "name": "Child_Mother_NID",
            "bind": "/model/instance/BirthOutcome/Child_Registration/Child_Mother_NID"
          },
          {
            "name": "Child_Mother_BRID",
            "bind": "/model/instance/BirthOutcome/Child_Registration/Child_Mother_BRID"
          },
          {
            "name": "Child_Father_NID",
            "bind": "/model/instance/BirthOutcome/Child_Registration/Child_Father_NID"
          },
          {
            "name": "Child_Father_BRID",
            "bind": "/model/instance/BirthOutcome/Child_Registration/Child_Father_BRID"
          },
          {
            "name": "Child_Other_Guardian_NID",
            "bind": "/model/instance/BirthOutcome/Child_Registration/Child_Other_Guardian_NID"
          },
          {
            "name": "Child_Other_Guardian_BRID",
            "bind": "/model/instance/BirthOutcome/Child_Registration/Child_Other_Guardian_BRID"
          },
          {
            "name": "epi_card_number",
            "bind": "/model/instance/BirthOutcome/Child_Registration/epi_card_number"
          },
          {
            "name": "child_was_suffering_from_a_disease_at_birth",
            "bind": "/model/instance/BirthOutcome/Child_Registration/child_was_suffering_from_a_disease_at_birth"
          },
          {
            "name": "contact_phone_number",
            "bind": "/model/instance/BirthOutcome/Child_Registration/contact_phone_number"
          },
          {
            "name": "add_child",
            "bind": "/model/instance/BirthOutcome/Child_Registration/add_child"
          },
          {
            "name": "Is_child",
            "bind": "/model/instance/BirthOutcome/Child_Registration/Is_child"
          },
          {
            "name": "Is_Reg_Today",
            "bind": "/model/instance/BirthOutcome/Child_Registration/Is_Reg_Today"
          }
        ]
      }
    ]
  }
}