{
  "form_data_definition_version": "1",
  "form": {
    "default_bind_path": "/model/instance/Child_Vaccination_Followup",
    "bind_type": "members",
    "fields": [
      {
        "name": "id",
        "shouldLoadValue": true
      },
      {
        "name": "Member_Fname",
        "bind": "/model/instance/Child_Vaccination_Followup/existing_first_name",
        "shouldLoadValue": true
      },
      {
        "name": "existing_Is_Reg_Today",
        "bind": "/model/instance/Child_Vaccination_Followup/existing_Is_Reg_Today"
      },
      {
        "name": "Child_mother_name",
        "bind": "/model/instance/Child_Vaccination_Followup/existing_mother_name",
        "shouldLoadValue": true
      },
      {
        "name": "Child_gender",
        "bind": "/model/instance/Child_Vaccination_Followup/existing_gender",
        "shouldLoadValue": true
      },
      {
        "name": "Child_dob",
        "bind": "/model/instance/Child_Vaccination_Followup/existing_birth_date",
        "shouldLoadValue": true
      },
      {
        "name": "Member_Reg_Date",
        "bind": "/model/instance/Child_Vaccination_Followup/existing_client_reg_date",
        "shouldLoadValue": true
      },
      {
        "name": "existing_location",
        "bind": "/model/instance/Child_Vaccination_Followup/existing_location",
        "shouldLoadValue": true
      },
      {
        "name": "Member_COUNTRY",
        "bind": "/model/instance/Child_Vaccination_Followup/existing_Country",
        "shouldLoadValue": true
      },
      {
        "name": "Member_DIVISION",
        "bind": "/model/instance/Child_Vaccination_Followup/existing_Division",
        "shouldLoadValue": true
      },
      {
        "name": "Member_DISTRICT",
        "bind": "/model/instance/Child_Vaccination_Followup/existing_District",
        "shouldLoadValue": true
      },
      {
        "name": "Member_UPAZILLA",
        "bind": "/model/instance/Child_Vaccination_Followup/existing_Upazilla",
        "shouldLoadValue": true
      },
      {
        "name": "Member_Paurasava",
        "bind": "/model/instance/Child_Vaccination_Followup/existing_Paurasava",
        "shouldLoadValue": true
      },
      {
        "name": "Member_UNION",
        "bind": "/model/instance/Child_Vaccination_Followup/existing_Union",
        "shouldLoadValue": true
      },
      {
        "name": "Member_WARD",
        "bind": "/model/instance/Child_Vaccination_Followup/existing_Ward",
        "shouldLoadValue": true
      },
      {
        "name": "Member_BLOCK",
        "bind": "/model/instance/Child_Vaccination_Followup/existing_Block",
        "shouldLoadValue": true
      },
      {
        "name": "Member_HIE_facilities",
        "bind": "/model/instance/Child_Vaccination_Followup/existing_HIE_facilities",
        "shouldLoadValue": true
      },
      {
        "name": "Member_Address_line",
        "bind": "/model/instance/Child_Vaccination_Followup/existing_Address_line",
        "shouldLoadValue": true
      },
      {
        "name": "Member_GPS",
        "bind": "/model/instance/Child_Vaccination_Followup/existing_GPS",
        "shouldLoadValue": true
      },
      {
        "name": "epi_card_number",
        "bind": "/model/instance/Child_Vaccination_Followup/existing_epi_card_number",
        "shouldLoadValue": true
      },
      {
        "name": "child_was_suffering_from_a_disease_at_birth",
        "bind": "/model/instance/Child_Vaccination_Followup/existing_child_was_suffering_from_a_disease_at_birth",
        "shouldLoadValue": true
      },
      {
        "name": "contact_phone_number",
        "bind": "/model/instance/Child_Vaccination_Followup/existing_contact_phone_number",
        "shouldLoadValue": true
      },
      {
        "name": "e_bcg",
        "bind": "/model/instance/Child_Vaccination_Followup/e_bcg"
      },
      {
        "name": "e_opv0",
        "bind": "/model/instance/Child_Vaccination_Followup/e_opv0"
      },
      {
        "name": "e_penta2",
        "bind": "/model/instance/Child_Vaccination_Followup/e_penta2"
      },
      {
        "name": "e_penta1",
        "bind": "/model/instance/Child_Vaccination_Followup/e_penta1"
      },
      {
        "name": "e_penta3",
        "bind": "/model/instance/Child_Vaccination_Followup/e_penta3"
      },
      {
        "name": "e_opv1",
        "bind": "/model/instance/Child_Vaccination_Followup/e_opv1"
      },
      {
        "name": "e_opv2",
        "bind": "/model/instance/Child_Vaccination_Followup/e_opv2"
      },
      {
        "name": "e_opv3",
        "bind": "/model/instance/Child_Vaccination_Followup/e_opv3"
      },
      {
        "name": "e_pcv1",
        "bind": "/model/instance/Child_Vaccination_Followup/e_pcv1"
      },
      {
        "name": "e_pcv2",
        "bind": "/model/instance/Child_Vaccination_Followup/e_pcv2"
      },
      {
        "name": "e_pcv3",
        "bind": "/model/instance/Child_Vaccination_Followup/e_pcv3"
      },
      {
        "name": "e_ipv",
        "bind": "/model/instance/Child_Vaccination_Followup/e_ipv"
      },
      {
        "name": "e_measles1",
        "bind": "/model/instance/Child_Vaccination_Followup/e_measles1"
      },
      {
        "name": "e_measles2",
        "bind": "/model/instance/Child_Vaccination_Followup/e_measles2"
      },
      {
        "name": "provider_id",
        "bind": "/model/instance/Child_Vaccination_Followup/provider_id"
      },
      {
        "name": "provider_location_id",
        "bind": "/model/instance/Child_Vaccination_Followup/provider_location_id"
      },
      {
        "name": "provider_location_name",
        "bind": "/model/instance/Child_Vaccination_Followup/provider_location_name"
      },
      {
        "name": "provider_location_note",
        "bind": "/model/instance/Child_Vaccination_Followup/provider_location_note"
      },
      {
        "name": "start",
        "bind": "/model/instance/Child_Vaccination_Followup/start"
      },
      {
        "name": "end",
        "bind": "/model/instance/Child_Vaccination_Followup/end"
      },
      {
        "name": "today",
        "bind": "/model/instance/Child_Vaccination_Followup/today"
      },
      {
        "name": "existing_client_reg_date_note",
        "bind": "/model/instance/Child_Vaccination_Followup/existing_client_reg_date_note"
      },
      {
        "name": "epi_card_number_note",
        "bind": "/model/instance/Child_Vaccination_Followup/epi_card_number_note"
      },
      {
        "name": "first_name_note",
        "bind": "/model/instance/Child_Vaccination_Followup/first_name_note"
      },
      {
        "name": "child_age",
        "bind": "/model/instance/Child_Vaccination_Followup/child_age"
      },
      {
        "name": "child_age_days",
        "bind": "/model/instance/Child_Vaccination_Followup/child_age_days"
      },
      {
        "name": "calc_dob_note",
        "bind": "/model/instance/Child_Vaccination_Followup/calc_dob_note"
      },
      {
        "name": "gender_note",
        "bind": "/model/instance/Child_Vaccination_Followup/gender_note"
      },
      {
        "name": "mother_name_note",
        "bind": "/model/instance/Child_Vaccination_Followup/mother_name_note"
      },
      {
        "name": "address",
        "bind": "/model/instance/Child_Vaccination_Followup/address"
      },
      {
        "name": "address_change",
        "bind": "/model/instance/Child_Vaccination_Followup/address_change"
      },
      {
        "name": "address1",
        "bind": "/model/instance/Child_Vaccination_Followup/address1"
      },
      {
        "name": "landmark",
        "bind": "/model/instance/Child_Vaccination_Followup/landmark"
      },
      {
        "name": "center_gps",
        "bind": "/model/instance/Child_Vaccination_Followup/center_gps"
      },
      {
        "name": "child_was_suffering_from_a_disease_at_birth_note",
        "bind": "/model/instance/Child_Vaccination_Followup/child_was_suffering_from_a_disease_at_birth_note"
      },
      {
        "name": "side_effects",
        "bind": "/model/instance/Child_Vaccination_Followup/side_effects"
      },
      {
        "name": "contact_phone_number",
        "bind": "/model/instance/Child_Vaccination_Followup/contact_phone_number"
      },
      {
        "name": "six_weeks",
        "bind": "/model/instance/Child_Vaccination_Followup/six_weeks"
      },
      {
        "name": "ten_weeks",
        "bind": "/model/instance/Child_Vaccination_Followup/ten_weeks"
      },
      {
        "name": "forteen_weeks",
        "bind": "/model/instance/Child_Vaccination_Followup/forteen_weeks"
      },
      {
        "name": "nine_months",
        "bind": "/model/instance/Child_Vaccination_Followup/nine_months"
      },
      {
        "name": "fifteen_months",
        "bind": "/model/instance/Child_Vaccination_Followup/fifteen_months"
      },
      {
        "name": "bcg_note",
        "bind": "/model/instance/Child_Vaccination_Followup/bcg_note"
      },
      {
        "name": "opv0_note",
        "bind": "/model/instance/Child_Vaccination_Followup/opv0_note"
      },
      {
        "name": "opv1_note",
        "bind": "/model/instance/Child_Vaccination_Followup/opv1_note"
      },
      {
        "name": "pcv1_note",
        "bind": "/model/instance/Child_Vaccination_Followup/pcv1_note"
      },
      {
        "name": "penta1_note",
        "bind": "/model/instance/Child_Vaccination_Followup/penta1_note"
      },
      {
        "name": "opv2_note",
        "bind": "/model/instance/Child_Vaccination_Followup/opv2_note"
      },
      {
        "name": "pcv2_note",
        "bind": "/model/instance/Child_Vaccination_Followup/pcv2_note"
      },
      {
        "name": "penta2_note",
        "bind": "/model/instance/Child_Vaccination_Followup/penta2_note"
      },
      {
        "name": "opv3_note",
        "bind": "/model/instance/Child_Vaccination_Followup/opv3_note"
      },
      {
        "name": "pcv3_note",
        "bind": "/model/instance/Child_Vaccination_Followup/pcv3_note"
      },
      {
        "name": "penta3_note",
        "bind": "/model/instance/Child_Vaccination_Followup/penta3_note"
      },
      {
        "name": "ipv_note",
        "bind": "/model/instance/Child_Vaccination_Followup/ipv_note"
      },
      {
        "name": "measles1_note",
        "bind": "/model/instance/Child_Vaccination_Followup/measles1_note"
      },
      {
        "name": "measles2_note",
        "bind": "/model/instance/Child_Vaccination_Followup/measles2_note"
      },
      {
        "name": "child_vaccines",
        "bind": "/model/instance/Child_Vaccination_Followup/child_vaccines"
      },
      {
        "name": "child_vaccines1",
        "bind": "/model/instance/Child_Vaccination_Followup/child_vaccines1"
      },
      {
        "name": "child_vaccines1_2",
        "bind": "/model/instance/Child_Vaccination_Followup/child_vaccines1_2"
      },
      {
        "name": "bcg_retro",
        "bind": "/model/instance/Child_Vaccination_Followup/vaccines_group/bcg_retro"
      },
      {
        "name": "opv0_retro",
        "bind": "/model/instance/Child_Vaccination_Followup/vaccines_group/opv0_retro"
      },
      {
        "name": "opv0_dose",
        "bind": "/model/instance/Child_Vaccination_Followup/vaccines_group/opv0_dose"
      },
      {
        "name": "pcv1_retro",
        "bind": "/model/instance/Child_Vaccination_Followup/vaccines_group/pcv1_retro"
      },
      {
        "name": "pcv1_dose",
        "bind": "/model/instance/Child_Vaccination_Followup/vaccines_group/pcv1_dose"
      },
      {
        "name": "opv1_retro",
        "bind": "/model/instance/Child_Vaccination_Followup/vaccines_group/opv1_retro"
      },
      {
        "name": "opv1_dose",
        "bind": "/model/instance/Child_Vaccination_Followup/vaccines_group/opv1_dose"
      },
      {
        "name": "penta1_retro",
        "bind": "/model/instance/Child_Vaccination_Followup/vaccines_group/penta1_retro"
      },
      {
        "name": "penta1_dose",
        "bind": "/model/instance/Child_Vaccination_Followup/vaccines_group/penta1_dose"
      },
      {
        "name": "pcv2_retro",
        "bind": "/model/instance/Child_Vaccination_Followup/vaccines_group/pcv2_retro"
      },
      {
        "name": "pcv2_dose",
        "bind": "/model/instance/Child_Vaccination_Followup/vaccines_group/pcv2_dose"
      },
      {
        "name": "opv2_retro",
        "bind": "/model/instance/Child_Vaccination_Followup/vaccines_group/opv2_retro"
      },
      {
        "name": "opv2_dose",
        "bind": "/model/instance/Child_Vaccination_Followup/vaccines_group/opv2_dose"
      },
      {
        "name": "penta2_retro",
        "bind": "/model/instance/Child_Vaccination_Followup/vaccines_group/penta2_retro"
      },
      {
        "name": "penta2_dose",
        "bind": "/model/instance/Child_Vaccination_Followup/vaccines_group/penta2_dose"
      },
      {
        "name": "pcv3_retro",
        "bind": "/model/instance/Child_Vaccination_Followup/vaccines_group/pcv3_retro"
      },
      {
        "name": "pcv3_dose",
        "bind": "/model/instance/Child_Vaccination_Followup/vaccines_group/pcv3_dose"
      },
      {
        "name": "opv3_retro",
        "bind": "/model/instance/Child_Vaccination_Followup/vaccines_group/opv3_retro"
      },
      {
        "name": "opv3_dose",
        "bind": "/model/instance/Child_Vaccination_Followup/vaccines_group/opv3_dose"
      },
      {
        "name": "penta3_retro",
        "bind": "/model/instance/Child_Vaccination_Followup/vaccines_group/penta3_retro"
      },
      {
        "name": "penta3_dose",
        "bind": "/model/instance/Child_Vaccination_Followup/vaccines_group/penta3_dose"
      },
      {
        "name": "ipv_retro",
        "bind": "/model/instance/Child_Vaccination_Followup/vaccines_group/ipv_retro"
      },
      {
        "name": "measles1_retro",
        "bind": "/model/instance/Child_Vaccination_Followup/vaccines_group/measles1_retro"
      },
      {
        "name": "measles1_dose",
        "bind": "/model/instance/Child_Vaccination_Followup/vaccines_group/measles1_dose"
      },
      {
        "name": "measles2_retro",
        "bind": "/model/instance/Child_Vaccination_Followup/vaccines_group/measles2_retro"
      },
      {
        "name": "measles2_dose",
        "bind": "/model/instance/Child_Vaccination_Followup/vaccines_group/measles2_dose"
      },
      {
        "name": "child_vaccines_2",
        "bind": "/model/instance/Child_Vaccination_Followup/child_vaccines_2"
      },
      {
        "name": "vaccination_date",
        "bind": "/model/instance/Child_Vaccination_Followup/vaccination_date"
      },
      {
        "name": "bcg",
        "bind": "/model/instance/Child_Vaccination_Followup/bcg"
      },
      {
        "name": "opv0",
        "bind": "/model/instance/Child_Vaccination_Followup/opv0"
      },
      {
        "name": "opv0_dose_today",
        "bind": "/model/instance/Child_Vaccination_Followup/opv0_dose_today"
      },
      {
        "name": "pcv1",
        "bind": "/model/instance/Child_Vaccination_Followup/pcv1"
      },
      {
        "name": "pcv1_dose_today",
        "bind": "/model/instance/Child_Vaccination_Followup/pcv1_dose_today"
      },
      {
        "name": "opv1",
        "bind": "/model/instance/Child_Vaccination_Followup/opv1"
      },
      {
        "name": "opv1_dose_today",
        "bind": "/model/instance/Child_Vaccination_Followup/opv1_dose_today"
      },
      {
        "name": "penta1",
        "bind": "/model/instance/Child_Vaccination_Followup/penta1"
      },
      {
        "name": "penta1_dose_today",
        "bind": "/model/instance/Child_Vaccination_Followup/penta1_dose_today"
      },
      {
        "name": "pcv2",
        "bind": "/model/instance/Child_Vaccination_Followup/pcv2"
      },
      {
        "name": "pcv2_dose_today",
        "bind": "/model/instance/Child_Vaccination_Followup/pcv2_dose_today"
      },
      {
        "name": "opv2",
        "bind": "/model/instance/Child_Vaccination_Followup/opv2"
      },
      {
        "name": "opv2_dose_today",
        "bind": "/model/instance/Child_Vaccination_Followup/opv2_dose_today"
      },
      {
        "name": "penta2",
        "bind": "/model/instance/Child_Vaccination_Followup/penta2"
      },
      {
        "name": "penta2_dose_today",
        "bind": "/model/instance/Child_Vaccination_Followup/penta2_dose_today"
      },
      {
        "name": "pcv3",
        "bind": "/model/instance/Child_Vaccination_Followup/pcv3"
      },
      {
        "name": "pcv3_dose_today",
        "bind": "/model/instance/Child_Vaccination_Followup/pcv3_dose_today"
      },
      {
        "name": "opv3",
        "bind": "/model/instance/Child_Vaccination_Followup/opv3"
      },
      {
        "name": "opv3_dose_today",
        "bind": "/model/instance/Child_Vaccination_Followup/opv3_dose_today"
      },
      {
        "name": "penta3",
        "bind": "/model/instance/Child_Vaccination_Followup/penta3"
      },
      {
        "name": "penta3_dose_today",
        "bind": "/model/instance/Child_Vaccination_Followup/penta3_dose_today"
      },
      {
        "name": "ipv",
        "bind": "/model/instance/Child_Vaccination_Followup/ipv"
      },
      {
        "name": "measles1",
        "bind": "/model/instance/Child_Vaccination_Followup/measles1"
      },
      {
        "name": "measles1_dose_today",
        "bind": "/model/instance/Child_Vaccination_Followup/measles1_dose_today"
      },
      {
        "name": "measles2",
        "bind": "/model/instance/Child_Vaccination_Followup/measles2"
      },
      {
        "name": "measles2_dose_today",
        "bind": "/model/instance/Child_Vaccination_Followup/measles2_dose_today"
      },
      {
        "name": "final_bcg",
        "bind": "/model/instance/Child_Vaccination_Followup/final_bcg"
      },
      {
        "name": "final_opv0",
        "bind": "/model/instance/Child_Vaccination_Followup/final_opv0"
      },
      {
        "name": "final_pcv1",
        "bind": "/model/instance/Child_Vaccination_Followup/final_pcv1"
      },
      {
        "name": "final_opv1",
        "bind": "/model/instance/Child_Vaccination_Followup/final_opv1"
      },
      {
        "name": "final_penta1",
        "bind": "/model/instance/Child_Vaccination_Followup/final_penta1"
      },
      {
        "name": "final_pcv2",
        "bind": "/model/instance/Child_Vaccination_Followup/final_pcv2"
      },
      {
        "name": "final_opv2",
        "bind": "/model/instance/Child_Vaccination_Followup/final_opv2"
      },
      {
        "name": "final_penta2",
        "bind": "/model/instance/Child_Vaccination_Followup/final_penta2"
      },
      {
        "name": "final_pcv3",
        "bind": "/model/instance/Child_Vaccination_Followup/final_pcv3"
      },
      {
        "name": "final_opv3",
        "bind": "/model/instance/Child_Vaccination_Followup/final_opv3"
      },
      {
        "name": "final_penta3",
        "bind": "/model/instance/Child_Vaccination_Followup/final_penta3"
      },
      {
        "name": "final_ipv",
        "bind": "/model/instance/Child_Vaccination_Followup/final_ipv"
      },
      {
        "name": "final_measles1",
        "bind": "/model/instance/Child_Vaccination_Followup/final_measles1"
      },
      {
        "name": "final_measles2",
        "bind": "/model/instance/Child_Vaccination_Followup/final_measles2"
      },
      {
        "name": "Is_Reg_Today",
        "bind": "/model/instance/Child_Vaccination_Followup/Is_Reg_Today"
      }
    ]
  }
}