<model>
    <instance>
        <Child_Vaccination_Followup encounter_type="Child Vaccination Followup" id="child_vaccination_followup" version="201612200839">
            <formhub>
                <uuid/>
            </formhub>
            <existing_first_name openmrs_entity="person" openmrs_entity_id="first_name"/>
            <existing_Is_Reg_Today/>
            <existing_mother_name openmrs_entity="person_attribute" openmrs_entity_id="motherName"/>
            <existing_gender openmrs_entity="person" openmrs_entity_id="gender"/>
            <existing_birth_date openmrs_entity="person" openmrs_entity_id="birthdate"/>
            <existing_client_reg_date/>
            <existing_location openmrs_entity="encounter" openmrs_entity_id="location_id"/>
            <existing_Country openmrs_entity="person_address" openmrs_entity_id="country"/>
            <existing_Division openmrs_entity="person_address" openmrs_entity_id="stateProvince"/>
            <existing_District openmrs_entity="person_address" openmrs_entity_id="countyDistrict"/>
            <existing_Upazilla openmrs_entity="person_address" openmrs_entity_id="address5"/>
            <existing_Paurasava openmrs_entity="person_address" openmrs_entity_id="address4"/>
            <existing_Union openmrs_entity="person_address" openmrs_entity_id="address3"/>
            <existing_Ward openmrs_entity="person_address" openmrs_entity_id="address2"/>
            <existing_Block/>
            <existing_HIE_facilities openmrs_entity="person_address" openmrs_entity_id="address6"/>
            <existing_Address_line openmrs_entity="person_address" openmrs_entity_id="address1"/>
            <existing_GPS/>
            <existing_epi_card_number/>
            <existing_child_was_suffering_from_a_disease_at_birth/>
            <existing_contact_phone_number openmrs_entity="person_attribute" openmrs_entity_id="phoneNumber"/>
            <e_bcg/>
            <e_opv0/>
            <e_penta2/>
            <e_penta1/>
            <e_penta3/>
            <e_opv1/>
            <e_opv2/>
            <e_opv3/>
            <e_pcv1/>
            <e_pcv2/>
            <e_pcv3/>
            <e_ipv/>
            <e_measles1/>
            <e_measles2/>
            <provider_id/>
            <provider_location_id/>
            <provider_location_name/>
            <provider_location_note/>
            <start/>
            <end/>
            <today/>
            <client_reg_date/>
            <epi_card_number_note/>
            <first_name_note/>
            <child_age/>
            <child_age_days/>
            <calc_dob_note/>
            <gender_note/>
            <mother_name_note/>
            <address/>
            <address_change/>
            <address1/>
            <landmark/>
            <center_gps openmrs_entity="person_address" openmrs_entity_id="geopoint" openmrs_entity_parent="person_address"/>
            <child_was_suffering_from_a_disease_at_birth_note/>
            <side_effects/>
            <contact_phone_number/>
            <bcg_note/>
            <opv0_note/>
            <opv1_note/>
            <pcv1_note/>
            <penta1_note/>
            <opv2_note/>
            <pcv2_note/>
            <penta2_note/>
            <opv3_note/>
            <pcv3_note/>
            <penta3_note/>
            <ipv_note/>
            <measles1_note/>
            <measles2_note/>
            <child_vaccines1 openmrs_entity="concept" openmrs_entity_id="021e0705-953d-11e6-90c1-005056b01095"/>
            <child_vaccines openmrs_entity="concept" openmrs_entity_id="021e0705-953d-11e6-90c1-005056b01095"/>
            <vaccines_group>
                <bcg_retro openmrs_entity="concept" openmrs_entity_id="021e8246-953d-11e6-90c1-005056b01095" openmrs_entity_parent="8867aedf-21c4-4441-ac72-fa87510eff36"/>
                <opv0_retro openmrs_entity="concept" openmrs_entity_id="021e8246-953d-11e6-90c1-005056b01095" openmrs_entity_parent="6eea05d1-c7bc-4ef3-b42f-46541606daed"/>
                <opv0_dose openmrs_entity="concept" openmrs_entity_id="021efde7-953d-11e6-90c1-005056b01095" openmrs_entity_parent="6eea05d1-c7bc-4ef3-b42f-46541606daed"/>
                <pcv1_retro openmrs_entity="concept" openmrs_entity_id="021e8246-953d-11e6-90c1-005056b01095" openmrs_entity_parent="ff6fed1f-e05a-4ba5-a3f2-fba744c04550"/>
                <pcv1_dose openmrs_entity="concept" openmrs_entity_id="021efde7-953d-11e6-90c1-005056b01095" openmrs_entity_parent="ff6fed1f-e05a-4ba5-a3f2-fba744c04550"/>
                <opv1_retro openmrs_entity="concept" openmrs_entity_id="021e8246-953d-11e6-90c1-005056b01095" openmrs_entity_parent="6eea05d1-c7bc-4ef3-b42f-46541606daed"/>
                <opv1_dose openmrs_entity="concept" openmrs_entity_id="021efde7-953d-11e6-90c1-005056b01095" openmrs_entity_parent="6eea05d1-c7bc-4ef3-b42f-46541606daed"/>
                <penta1_retro openmrs_entity="concept" openmrs_entity_id="021e8246-953d-11e6-90c1-005056b01095" openmrs_entity_parent="dcddb74f-4bf0-4a2c-b52c-c530509c11f7"/>
                <penta1_dose openmrs_entity="concept" openmrs_entity_id="021efde7-953d-11e6-90c1-005056b01095" openmrs_entity_parent="dcddb74f-4bf0-4a2c-b52c-c530509c11f7"/>
                <pcv2_retro openmrs_entity="concept" openmrs_entity_id="021e8246-953d-11e6-90c1-005056b01095" openmrs_entity_parent="ff6fed1f-e05a-4ba5-a3f2-fba744c04550"/>
                <pcv2_dose openmrs_entity="concept" openmrs_entity_id="021efde7-953d-11e6-90c1-005056b01095" openmrs_entity_parent="ff6fed1f-e05a-4ba5-a3f2-fba744c04550"/>
                <opv2_retro openmrs_entity="concept" openmrs_entity_id="021e8246-953d-11e6-90c1-005056b01095" openmrs_entity_parent="6eea05d1-c7bc-4ef3-b42f-46541606daed"/>
                <opv2_dose openmrs_entity="concept" openmrs_entity_id="021efde7-953d-11e6-90c1-005056b01095" openmrs_entity_parent="6eea05d1-c7bc-4ef3-b42f-46541606daed"/>
                <penta2_retro openmrs_entity="concept" openmrs_entity_id="021e8246-953d-11e6-90c1-005056b01095" openmrs_entity_parent="dcddb74f-4bf0-4a2c-b52c-c530509c11f7"/>
                <penta2_dose openmrs_entity="concept" openmrs_entity_id="021efde7-953d-11e6-90c1-005056b01095" openmrs_entity_parent="dcddb74f-4bf0-4a2c-b52c-c530509c11f7"/>
                <pcv3_retro openmrs_entity="concept" openmrs_entity_id="021e8246-953d-11e6-90c1-005056b01095" openmrs_entity_parent="ff6fed1f-e05a-4ba5-a3f2-fba744c04550"/>
                <pcv3_dose openmrs_entity="concept" openmrs_entity_id="021efde7-953d-11e6-90c1-005056b01095" openmrs_entity_parent="ff6fed1f-e05a-4ba5-a3f2-fba744c04550"/>
                <opv3_retro openmrs_entity="concept" openmrs_entity_id="021e8246-953d-11e6-90c1-005056b01095" openmrs_entity_parent="6eea05d1-c7bc-4ef3-b42f-46541606daed"/>
                <opv3_dose openmrs_entity="concept" openmrs_entity_id="021efde7-953d-11e6-90c1-005056b01095" openmrs_entity_parent="6eea05d1-c7bc-4ef3-b42f-46541606daed"/>
                <penta3_retro openmrs_entity="concept" openmrs_entity_id="021e8246-953d-11e6-90c1-005056b01095" openmrs_entity_parent="dcddb74f-4bf0-4a2c-b52c-c530509c11f7"/>
                <penta3_dose openmrs_entity="concept" openmrs_entity_id="021efde7-953d-11e6-90c1-005056b01095" openmrs_entity_parent="dcddb74f-4bf0-4a2c-b52c-c530509c11f7"/>
                <ipv_retro openmrs_entity="concept" openmrs_entity_id="021e8246-953d-11e6-90c1-005056b01095" openmrs_entity_parent="79146dc6-82b0-4e07-9d8a-50f865c02667"/>
                <measles1_retro openmrs_entity="concept" openmrs_entity_id="021e8246-953d-11e6-90c1-005056b01095" openmrs_entity_parent="1c35cc34-4ee2-47cd-8a30-cb37eb803a43"/>
                <measles1_dose openmrs_entity="concept" openmrs_entity_id="021efde7-953d-11e6-90c1-005056b01095" openmrs_entity_parent="1c35cc34-4ee2-47cd-8a30-cb37eb803a43"/>
                <measles2_retro openmrs_entity="concept" openmrs_entity_id="021e8246-953d-11e6-90c1-005056b01095" openmrs_entity_parent="1c35cc34-4ee2-47cd-8a30-cb37eb803a43"/>
                <measles2_dose openmrs_entity="concept" openmrs_entity_id="021efde7-953d-11e6-90c1-005056b01095" openmrs_entity_parent="1c35cc34-4ee2-47cd-8a30-cb37eb803a43"/>
            </vaccines_group>
            <child_vaccines1_2 openmrs_entity="concept" openmrs_entity_id="021e0705-953d-11e6-90c1-005056b01095"/>
            <child_vaccines_2 openmrs_entity="concept" openmrs_entity_id="021e0705-953d-11e6-90c1-005056b01095"/>
            <bcg openmrs_entity="concept" openmrs_entity_id="021e8246-953d-11e6-90c1-005056b01095" openmrs_entity_parent="8867aedf-21c4-4441-ac72-fa87510eff36"/>
            <opv0 openmrs_entity="concept" openmrs_entity_id="021e8246-953d-11e6-90c1-005056b01095" openmrs_entity_parent="6eea05d1-c7bc-4ef3-b42f-46541606daed"/>
            <opv0_dose_today openmrs_entity="concept" openmrs_entity_id="021efde7-953d-11e6-90c1-005056b01095" openmrs_entity_parent="6eea05d1-c7bc-4ef3-b42f-46541606daed"/>
            <pcv1 openmrs_entity="concept" openmrs_entity_id="021e8246-953d-11e6-90c1-005056b01095" openmrs_entity_parent="ff6fed1f-e05a-4ba5-a3f2-fba744c04550"/>
            <pcv1_dose_today openmrs_entity="concept" openmrs_entity_id="021efde7-953d-11e6-90c1-005056b01095" openmrs_entity_parent="ff6fed1f-e05a-4ba5-a3f2-fba744c04550"/>
            <opv1 openmrs_entity="concept" openmrs_entity_id="021e8246-953d-11e6-90c1-005056b01095" openmrs_entity_parent="6eea05d1-c7bc-4ef3-b42f-46541606daed"/>
            <opv1_dose_today openmrs_entity="concept" openmrs_entity_id="021efde7-953d-11e6-90c1-005056b01095" openmrs_entity_parent="6eea05d1-c7bc-4ef3-b42f-46541606daed"/>
            <penta1 openmrs_entity="concept" openmrs_entity_id="021e8246-953d-11e6-90c1-005056b01095" openmrs_entity_parent="dcddb74f-4bf0-4a2c-b52c-c530509c11f7"/>
            <penta1_dose_today openmrs_entity="concept" openmrs_entity_id="021efde7-953d-11e6-90c1-005056b01095" openmrs_entity_parent="dcddb74f-4bf0-4a2c-b52c-c530509c11f7"/>
            <pcv2 openmrs_entity="concept" openmrs_entity_id="021e8246-953d-11e6-90c1-005056b01095" openmrs_entity_parent="ff6fed1f-e05a-4ba5-a3f2-fba744c04550"/>
            <pcv2_dose_today openmrs_entity="concept" openmrs_entity_id="021efde7-953d-11e6-90c1-005056b01095" openmrs_entity_parent="ff6fed1f-e05a-4ba5-a3f2-fba744c04550"/>
            <opv2 openmrs_entity="concept" openmrs_entity_id="021e8246-953d-11e6-90c1-005056b01095" openmrs_entity_parent="6eea05d1-c7bc-4ef3-b42f-46541606daed"/>
            <opv2_dose_today openmrs_entity="concept" openmrs_entity_id="021efde7-953d-11e6-90c1-005056b01095" openmrs_entity_parent="6eea05d1-c7bc-4ef3-b42f-46541606daed"/>
            <penta2 openmrs_entity="concept" openmrs_entity_id="021e8246-953d-11e6-90c1-005056b01095" openmrs_entity_parent="dcddb74f-4bf0-4a2c-b52c-c530509c11f7"/>
            <penta2_dose_today openmrs_entity="concept" openmrs_entity_id="021efde7-953d-11e6-90c1-005056b01095" openmrs_entity_parent="dcddb74f-4bf0-4a2c-b52c-c530509c11f7"/>
            <pcv3 openmrs_entity="concept" openmrs_entity_id="021e8246-953d-11e6-90c1-005056b01095" openmrs_entity_parent="ff6fed1f-e05a-4ba5-a3f2-fba744c04550"/>
            <pcv3_dose_today openmrs_entity="concept" openmrs_entity_id="021efde7-953d-11e6-90c1-005056b01095" openmrs_entity_parent="ff6fed1f-e05a-4ba5-a3f2-fba744c04550"/>
            <opv3 openmrs_entity="concept" openmrs_entity_id="021e8246-953d-11e6-90c1-005056b01095" openmrs_entity_parent="6eea05d1-c7bc-4ef3-b42f-46541606daed"/>
            <opv3_dose_today openmrs_entity="concept" openmrs_entity_id="021efde7-953d-11e6-90c1-005056b01095" openmrs_entity_parent="6eea05d1-c7bc-4ef3-b42f-46541606daed"/>
            <penta3 openmrs_entity="concept" openmrs_entity_id="021e8246-953d-11e6-90c1-005056b01095" openmrs_entity_parent="dcddb74f-4bf0-4a2c-b52c-c530509c11f7"/>
            <penta3_dose_today openmrs_entity="concept" openmrs_entity_id="021efde7-953d-11e6-90c1-005056b01095" openmrs_entity_parent="dcddb74f-4bf0-4a2c-b52c-c530509c11f7"/>
            <ipv openmrs_entity="concept" openmrs_entity_id="021e8246-953d-11e6-90c1-005056b01095" openmrs_entity_parent="79146dc6-82b0-4e07-9d8a-50f865c02667"/>
            <measles1 openmrs_entity="concept" openmrs_entity_id="021e8246-953d-11e6-90c1-005056b01095" openmrs_entity_parent="1c35cc34-4ee2-47cd-8a30-cb37eb803a43"/>
            <measles1_dose_today openmrs_entity="concept" openmrs_entity_id="021efde7-953d-11e6-90c1-005056b01095" openmrs_entity_parent="1c35cc34-4ee2-47cd-8a30-cb37eb803a43"/>
            <measles2 openmrs_entity="concept" openmrs_entity_id="021e8246-953d-11e6-90c1-005056b01095" openmrs_entity_parent="1c35cc34-4ee2-47cd-8a30-cb37eb803a43"/>
            <measles2_dose_today openmrs_entity="concept" openmrs_entity_id="021efde7-953d-11e6-90c1-005056b01095" openmrs_entity_parent="1c35cc34-4ee2-47cd-8a30-cb37eb803a43"/>
            <final_bcg/>
            <final_opv0/>
            <final_pcv1/>
            <final_opv1/>
            <final_penta1/>
            <final_pcv2/>
            <final_opv2/>
            <final_penta2/>
            <final_pcv3/>
            <final_opv3/>
            <final_penta3/>
            <final_ipv/>
            <final_measles1/>
            <final_measles2/>
            <Is_Reg_Today/>
            <meta>
                <instanceID/>
            </meta>
        </Child_Vaccination_Followup>
    </instance>
    <instance id="gender">
        <root>
            <item>
                <itextId>static_instance-gender-0</itextId>
                <name>1</name>
            </item>
            <item>
                <itextId>static_instance-gender-1</itextId>
                <name>2</name>
            </item>
        </root>
    </instance>
    <instance id="child_vaccines">
        <root>
            <item>
                <itextId>static_instance-child_vaccines-0</itextId>
                <name>bcg</name>
            </item>
            <item>
                <itextId>static_instance-child_vaccines-1</itextId>
                <name>opv0</name>
            </item>
            <item>
                <itextId>static_instance-child_vaccines-2</itextId>
                <name>pcv1</name>
            </item>
            <item>
                <itextId>static_instance-child_vaccines-3</itextId>
                <name>opv1</name>
            </item>
            <item>
                <itextId>static_instance-child_vaccines-4</itextId>
                <name>penta1</name>
            </item>
            <item>
                <itextId>static_instance-child_vaccines-5</itextId>
                <name>pcv2</name>
            </item>
            <item>
                <itextId>static_instance-child_vaccines-6</itextId>
                <name>opv2</name>
            </item>
            <item>
                <itextId>static_instance-child_vaccines-7</itextId>
                <name>penta2</name>
            </item>
            <item>
                <itextId>static_instance-child_vaccines-8</itextId>
                <name>pcv3</name>
            </item>
            <item>
                <itextId>static_instance-child_vaccines-9</itextId>
                <name>opv3</name>
            </item>
            <item>
                <itextId>static_instance-child_vaccines-10</itextId>
                <name>penta3</name>
            </item>
            <item>
                <itextId>static_instance-child_vaccines-11</itextId>
                <name>ipv</name>
            </item>
            <item>
                <itextId>static_instance-child_vaccines-12</itextId>
                <name>measles1</name>
            </item>
            <item>
                <itextId>static_instance-child_vaccines-13</itextId>
                <name>measles2</name>
            </item>
        </root>
    </instance>
    <instance id="yes_no">
        <root>
            <item>
                <itextId>static_instance-yes_no-0</itextId>
                <name>yes</name>
            </item>
            <item>
                <itextId>static_instance-yes_no-1</itextId>
                <name>no</name>
            </item>
        </root>
    </instance>
</model>